method,episode,seed,backend,success,steps,elapsed_seconds,recovery_attempts,recovery_successes,detector_triggers,recovery_steps,failure_probability_max,terminated,truncated,failure_reason,Profile,noise_level
REIM (ACT + Detector + Recovery),0,4500042,metaworld,True,49,0.383388535999984,1,1,1,25,0.21101564168930054,True,False,,custom,0.2
REIM (ACT + Detector + Recovery),1,4500043,metaworld,True,59,0.19384602100035409,0,0,0,0,0.17117148637771606,True,False,,custom,0.2
REIM (ACT + Detector + Recovery),2,4500044,metaworld,True,55,0.1782908650002355,1,1,1,46,0.2768925130367279,True,False,,custom,0.2
REIM (ACT + Detector + Recovery),3,4500045,metaworld,True,55,0.17947429299965734,1,1,1,40,0.2435978651046753,True,False,,custom,0.2
REIM (ACT + Detector + Recovery),4,4500046,metaworld,True,53,0.17800407400136464,0,0,0,0,0.16472822427749634,True,False,,custom,0.2
REIM (ACT + Detector + Recovery),5,4500047,metaworld,False,200,0.4982289990002755,1,0,1,150,0.36045145988464355,False,True,timeout,custom,0.2
REIM (ACT + Detector + Recovery),6,4500048,metaworld,True,47,0.14808020900090924,1,1,1,37,0.2967740595340729,True,False,,custom,0.2
REIM (ACT + Detector + Recovery),7,4500049,metaworld,False,200,0.4506108770001447,1,0,1,150,0.7958755493164062,False,True,timeout,custom,0.2
REIM (ACT + Detector + Recovery),8,4500050,metaworld,True,64,0.1424060310000641,1,1,1,41,0.21298812329769135,True,False,,custom,0.2
REIM (ACT + Detector + Recovery),9,4500051,metaworld,True,55,0.14256195300004038,0,0,0,0,0.15227313339710236,True,False,,custom,0.2
REIM (ACT + Detector + Recovery),10,4500052,metaworld,True,59,0.1292893579993688,1,1,1,45,0.21750663220882416,True,False,,custom,0.2
REIM (ACT + Detector + Recovery),11,4500053,metaworld,True,46,0.10296451999965939,1,1,1,34,0.2578030228614807,True,False,,custom,0.2
REIM (ACT + Detector + Recovery),12,4500054,metaworld,True,55,0.1457091109987232,0,0,0,0,0.11999092996120453,True,False,,custom,0.2
REIM (ACT + Detector + Recovery),13,4500055,metaworld,True,48,0.1258903170000849,0,0,0,0,0.18592429161071777,True,False,,custom,0.2
REIM (ACT + Detector + Recovery),14,4500056,metaworld,True,50,0.10775156300041999,1,1,1,43,0.44044432044029236,True,False,,custom,0.2
REIM (ACT + Detector + Recovery),15,4500057,metaworld,True,57,0.16651624899895978,0,0,0,0,0.11573033779859543,True,False,,custom,0.2
REIM (ACT + Detector + Recovery),16,4500058,metaworld,True,49,0.17902189300002647,0,0,0,0,0.18723265826702118,True,False,,custom,0.2
REIM (ACT + Detector + Recovery),17,4500059,metaworld,True,58,0.14202069800012396,1,1,1,42,0.23168358206748962,True,False,,custom,0.2
REIM (ACT + Detector + Recovery),18,4500060,metaworld,True,54,0.14133281700014777,0,0,0,0,0.10351785272359848,True,False,,custom,0.2
REIM (ACT + Detector + Recovery),19,4500061,metaworld,True,55,0.14124532700043346,0,0,0,0,0.18939483165740967,True,False,,custom,0.2
REIM (ACT + Detector + Recovery),20,4500062,metaworld,True,50,0.109821213000032,1,1,1,34,0.2705475687980652,True,False,,custom,0.2
REIM (ACT + Detector + Recovery),21,4500063,metaworld,True,53,0.129280152001229,1,1,1,42,0.32787713408470154,True,False,,custom,0.2
REIM (ACT + Detector + Recovery),22,4500064,metaworld,True,49,0.13043219899918768,0,0,0,0,0.15538787841796875,True,False,,custom,0.2
REIM (ACT + Detector + Recovery),23,4500065,metaworld,True,57,0.1400376249985129,1,1,1,46,0.3048495650291443,True,False,,custom,0.2
REIM (ACT + Detector + Recovery),24,4500066,metaworld,True,59,0.13454341999931785,1,1,1,38,0.20939482748508453,True,False,,custom,0.2
REIM (ACT + Detector + Recovery),25,4500067,metaworld,True,50,0.1336466560005647,0,0,0,0,0.17806114256381989,True,False,,custom,0.2
REIM (ACT + Detector + Recovery),26,4500068,metaworld,True,50,0.13461796499905176,1,1,1,32,0.30493903160095215,True,False,,custom,0.2
REIM (ACT + Detector + Recovery),27,4500069,metaworld,True,63,0.20930705099999614,1,1,1,34,0.20693758130073547,True,False,,custom,0.2
REIM (ACT + Detector + Recovery),28,4500070,metaworld,True,60,0.13318163900112268,1,1,1,45,0.2835446894168854,True,False,,custom,0.2
REIM (ACT + Detector + Recovery),29,4500071,metaworld,True,54,0.12337847600065288,1,1,1,35,0.27902454137802124,True,False,,custom,0.2
REIM (ACT + Detector + Recovery),30,4500072,metaworld,True,52,0.1405409340004553,0,0,0,0,0.13011714816093445,True,False,,custom,0.2
REIM (ACT + Detector + Recovery),31,4500073,metaworld,True,53,0.14220852400103468,0,0,0,0,0.18460708856582642,True,False,,custom,0.2
REIM (ACT + Detector + Recovery),32,4500074,metaworld,True,60,0.1589334210002562,0,0,0,0,0.18677672743797302,True,False,,custom,0.2
REIM (ACT + Detector + Recovery),33,4500075,metaworld,True,62,0.14328783600103634,1,1,1,38,0.21984562277793884,True,False,,custom,0.2
REIM (ACT + Detector + Recovery),34,4500076,metaworld,True,46,0.11131638000006205,1,1,1,32,0.21504108607769012,True,False,,custom,0.2
REIM (ACT + Detector + Recovery),35,4500077,metaworld,True,54,0.14225235800040537,0,0,0,0,0.16791225969791412,True,False,,custom,0.2
REIM (ACT + Detector + Recovery),36,4500078,metaworld,True,56,0.15260415200100397,0,0,0,0,0.11660203337669373,True,False,,custom,0.2
REIM (ACT + Detector + Recovery),37,4500079,metaworld,True,53,0.16234393499871658,1,1,1,37,0.20882196724414825,True,False,,custom,0.2
REIM (ACT + Detector + Recovery),38,4500080,metaworld,False,200,0.5187953139993624,1,0,1,150,0.9961305856704712,False,True,timeout,custom,0.2
REIM (ACT + Detector + Recovery),39,4500081,metaworld,False,200,0.4836942170004477,1,0,1,150,0.9994587302207947,False,True,object_dropped,custom,0.2
REIM (ACT + Detector + Recovery),40,4500082,metaworld,True,60,0.14445504600007553,1,1,1,43,0.38455551862716675,True,False,,custom,0.2
REIM (ACT + Detector + Recovery),41,4500083,metaworld,False,200,0.4894902510004613,1,0,1,150,0.998687207698822,False,True,object_dropped,custom,0.2
REIM (ACT + Detector + Recovery),42,4500084,metaworld,True,56,0.16311402500105032,0,0,0,0,0.16222038865089417,True,False,,custom,0.2
REIM (ACT + Detector + Recovery),43,4500085,metaworld,True,47,0.1416017119991011,0,0,0,0,0.17466388642787933,True,False,,custom,0.2
REIM (ACT + Detector + Recovery),44,4500086,metaworld,True,58,0.17154423799911456,0,0,0,0,0.1584777534008026,True,False,,custom,0.2
REIM (ACT + Detector + Recovery),45,4500087,metaworld,True,56,0.1426613069997984,1,1,1,25,0.22580668330192566,True,False,,custom,0.2
REIM (ACT + Detector + Recovery),46,4500088,metaworld,True,51,0.1380366290013626,0,0,0,0,0.1770199090242386,True,False,,custom,0.2
REIM (ACT + Detector + Recovery),47,4500089,metaworld,True,50,0.121384878999379,1,1,1,36,0.2855226695537567,True,False,,custom,0.2
REIM (ACT + Detector + Recovery),48,4500090,metaworld,True,56,0.14489217000118515,1,1,1,34,0.25032126903533936,True,False,,custom,0.2
REIM (ACT + Detector + Recovery),49,4500091,metaworld,True,48,0.11538637100056803,1,1,1,41,0.5766476988792419,True,False,,custom,0.2
REIM (ACT + Detector + Recovery),50,4500092,metaworld,True,59,0.15391325800010236,0,0,0,0,0.15694409608840942,True,False,,custom,0.2
REIM (ACT + Detector + Recovery),51,4500093,metaworld,True,49,0.12831713299965486,0,0,0,0,0.13403955101966858,True,False,,custom,0.2
REIM (ACT + Detector + Recovery),52,4500094,metaworld,True,49,0.13340363699899171,1,1,1,38,0.2583502233028412,True,False,,custom,0.2
REIM (ACT + Detector + Recovery),53,4500095,metaworld,True,50,0.13003811500129814,0,0,0,0,0.15583106875419617,True,False,,custom,0.2
REIM (ACT + Detector + Recovery),54,4500096,metaworld,True,52,0.15549303199986753,1,1,1,42,0.24894596636295319,True,False,,custom,0.2
REIM (ACT + Detector + Recovery),55,4500097,metaworld,True,57,0.17163320899999235,0,0,0,0,0.11824604123830795,True,False,,custom,0.2
REIM (ACT + Detector + Recovery),56,4500098,metaworld,True,50,0.12315939499967499,1,1,1,36,0.23096781969070435,True,False,,custom,0.2
REIM (ACT + Detector + Recovery),57,4500099,metaworld,True,68,0.17337063100058003,1,1,1,40,0.22684967517852783,True,False,,custom,0.2
REIM (ACT + Detector + Recovery),58,4500100,metaworld,False,200,0.5075311900000088,1,0,1,150,0.9858441352844238,False,True,timeout,custom,0.2
REIM (ACT + Detector + Recovery),59,4500101,metaworld,True,61,0.16800369900010992,0,0,0,0,0.1999773234128952,True,False,,custom,0.2
REIM (ACT + Detector + Recovery),60,4500102,metaworld,True,55,0.13689248399896314,1,1,1,34,0.21316181123256683,True,False,,custom,0.2
REIM (ACT + Detector + Recovery),61,4500103,metaworld,False,200,0.5436937689992192,1,0,1,150,0.9990273714065552,False,True,object_dropped,custom,0.2
REIM (ACT + Detector + Recovery),62,4500104,metaworld,True,60,0.15922511700046016,0,0,0,0,0.18312276899814606,True,False,,custom,0.2
REIM (ACT + Detector + Recovery),63,4500105,metaworld,True,50,0.1237240299997211,1,1,1,32,0.22277627885341644,True,False,,custom,0.2
REIM (ACT + Detector + Recovery),64,4500106,metaworld,True,49,0.11749043800045911,1,1,1,41,0.4526311755180359,True,False,,custom,0.2
REIM (ACT + Detector + Recovery),65,4500107,metaworld,True,61,0.1704615129983722,0,0,0,0,0.14350783824920654,True,False,,custom,0.2
REIM (ACT + Detector + Recovery),66,4500108,metaworld,True,56,0.15151841400074773,0,0,0,0,0.1574014276266098,True,False,,custom,0.2
REIM (ACT + Detector + Recovery),67,4500109,metaworld,True,56,0.15505887600011192,0,0,0,0,0.17398977279663086,True,False,,custom,0.2
REIM (ACT + Detector + Recovery),68,4500110,metaworld,True,56,0.14115688700076134,1,1,1,30,0.2022043764591217,True,False,,custom,0.2
REIM (ACT + Detector + Recovery),69,4500111,metaworld,True,54,0.14853648499956762,0,0,0,0,0.1934491991996765,True,False,,custom,0.2
REIM (ACT + Detector + Recovery),70,4500112,metaworld,True,63,0.18910996199883812,0,0,0,0,0.15540796518325806,True,False,,custom,0.2
REIM (ACT + Detector + Recovery),71,4500113,metaworld,False,200,0.5206452919992444,1,0,1,150,0.9836116433143616,False,True,timeout,custom,0.2
REIM (ACT + Detector + Recovery),72,4500114,metaworld,False,200,0.48455481199926,1,0,1,150,0.9966447353363037,False,True,object_dropped,custom,0.2
REIM (ACT + Detector + Recovery),73,4500115,metaworld,True,62,0.15503598699979193,1,1,1,45,0.2211771458387375,True,False,,custom,0.2
REIM (ACT + Detector + Recovery),74,4500116,metaworld,True,51,0.12979189900033816,1,1,1,34,0.23929639160633087,True,False,,custom,0.2
REIM (ACT + Detector + Recovery),75,4500117,metaworld,False,200,0.5153508849998616,1,0,1,144,0.9935469031333923,False,True,timeout,custom,0.2
REIM (ACT + Detector + Recovery),76,4500118,metaworld,True,54,0.13309040599961008,1,1,1,44,0.3565829396247864,True,False,,custom,0.2
REIM (ACT + Detector + Recovery),77,4500119,metaworld,True,51,0.15753218900135835,1,1,1,39,0.20809604227542877,True,False,,custom,0.2
REIM (ACT + Detector + Recovery),78,4500120,metaworld,True,57,0.13561075299912773,1,1,1,45,0.25234466791152954,True,False,,custom,0.2
REIM (ACT + Detector + Recovery),79,4500121,metaworld,True,60,0.16439086100035638,1,1,1,45,0.20827384293079376,True,False,,custom,0.2
REIM (ACT + Detector + Recovery),80,4500122,metaworld,True,49,0.12047849699956714,1,1,1,40,0.37215614318847656,True,False,,custom,0.2
REIM (ACT + Detector + Recovery),81,4500123,metaworld,True,58,0.14615641300042626,1,1,1,47,0.33171239495277405,True,False,,custom,0.2
REIM (ACT + Detector + Recovery),82,4500124,metaworld,True,57,0.15923176299838815,0,0,0,0,0.17476260662078857,True,False,,custom,0.2
REIM (ACT + Detector + Recovery),83,4500125,metaworld,False,200,0.5083710849994532,1,0,1,150,0.9355177283287048,False,True,timeout,custom,0.2
REIM (ACT + Detector + Recovery),84,4500126,metaworld,True,53,0.28884841299986874,1,1,1,43,0.3025054633617401,True,False,,custom,0.2
REIM (ACT + Detector + Recovery),85,4500127,metaworld,True,61,0.21678693300054874,1,1,1,38,0.25684934854507446,True,False,,custom,0.2
REIM (ACT + Detector + Recovery),86,4500128,metaworld,False,200,0.7433073739994143,1,0,1,150,0.9323409199714661,False,True,timeout,custom,0.2
REIM (ACT + Detector + Recovery),87,4500129,metaworld,False,200,0.5015050379988679,1,0,1,150,0.9882340431213379,False,True,object_dropped,custom,0.2
REIM (ACT + Detector + Recovery),88,4500130,metaworld,True,53,0.13748216000021785,1,1,1,44,0.33006155490875244,True,False,,custom,0.2
REIM (ACT + Detector + Recovery),89,4500131,metaworld,True,58,0.18592153600002348,0,0,0,0,0.16867312788963318,True,False,,custom,0.2
REIM (ACT + Detector + Recovery),90,4500132,metaworld,True,54,0.15195700999902328,0,0,0,0,0.17673276364803314,True,False,,custom,0.2
REIM (ACT + Detector + Recovery),91,4500133,metaworld,True,55,0.16297836199919402,1,1,1,46,0.26288220286369324,True,False,,custom,0.2
REIM (ACT + Detector + Recovery),92,4500134,metaworld,True,50,0.15918678500020178,0,0,0,0,0.11010371148586273,True,False,,custom,0.2
REIM (ACT + Detector + Recovery),93,4500135,metaworld,True,54,0.13820382800076914,1,1,1,30,0.21697285771369934,True,False,,custom,0.2
REIM (ACT + Detector + Recovery),94,4500136,metaworld,True,51,0.15379863300040597,0,0,0,0,0.17590908706188202,True,False,,custom,0.2
REIM (ACT + Detector + Recovery),95,4500137,metaworld,True,58,0.147642330999588,1,1,1,48,0.29338520765304565,True,False,,custom,0.2
REIM (ACT + Detector + Recovery),96,4500138,metaworld,True,52,0.13181457799873897,1,1,1,39,0.2803160548210144,True,False,,custom,0.2
REIM (ACT + Detector + Recovery),97,4500139,metaworld,True,57,0.1545319169999857,1,1,1,24,0.20448794960975647,True,False,,custom,0.2
REIM (ACT + Detector + Recovery),98,4500140,metaworld,True,52,0.15162659300040104,0,0,0,0,0.16477274894714355,True,False,,custom,0.2
REIM (ACT + Detector + Recovery),99,4500141,metaworld,True,62,0.16780969200044638,1,1,1,54,0.2572743892669678,True,False,,custom,0.2
