method,episode,seed,backend,success,steps,elapsed_seconds,recovery_attempts,recovery_successes,detector_triggers,recovery_steps,failure_probability_max,recovery_definition,terminated,truncated,failure_reason,episode_specification_sha256,episode_bank_sha256,metaworld_task_sha256,retry_specification_sha256s,retry_task_sha256s,Profile,noise_level,Benchmark Eligible
REIM (ACT + Detector + Recovery),0,8200042,metaworld,True,63,0.13577501899999334,1,1,1,53,0.3278278410434723,task_success_while_recovery_active_per_intervention,True,False,,c0a3385ef66f94cde333dfba729ca5a24c73a8474a4d0ba06d0c143c83a6fb00,bce931c8f7f4b2ca6d96ac63f5e3bd3c7b1a2d9a694728801ff6b1a12baf8802,06d355d7aff3b944ab4199c02a94c63d062e5c414c0b195f7b232b607e0ab1ed,,,custom,0.2,False
REIM (ACT + Detector + Recovery),1,8200043,metaworld,True,60,0.12480015899927821,1,1,1,52,0.5525578856468201,task_success_while_recovery_active_per_intervention,True,False,,1f182285e0b7869e348380d2868a8b21a057ae344e17f254d8cf064b9be6a82d,bce931c8f7f4b2ca6d96ac63f5e3bd3c7b1a2d9a694728801ff6b1a12baf8802,0f719f94ef165c0b816b8b10c3f4f5fcf802c9f5a25141035590310315749280,,,custom,0.2,False
REIM (ACT + Detector + Recovery),2,8200044,metaworld,True,54,0.11704788800125243,1,1,1,45,0.2335262894630432,task_success_while_recovery_active_per_intervention,True,False,,c98b4e4b21e47272b01d615e6896a631838f606772d4bf88f20862283dbd4217,bce931c8f7f4b2ca6d96ac63f5e3bd3c7b1a2d9a694728801ff6b1a12baf8802,56b7f182edcfeefa9301e1edd53d7f36e4418de7e6df1b54b0f0c298cde1b3cd,,,custom,0.2,False
REIM (ACT + Detector + Recovery),3,8200045,metaworld,True,53,0.1620710600000166,1,1,1,29,0.1997290998697281,task_success_while_recovery_active_per_intervention,True,False,,a928166e805238d69f2a7c170b1b3857d2a871334b47c040a69de0c3371abe1d,bce931c8f7f4b2ca6d96ac63f5e3bd3c7b1a2d9a694728801ff6b1a12baf8802,7c3391ee418e26d47c002810bc00065e4dd0b6728c969d2338ad549ad01ebb0a,,,custom,0.2,False
REIM (ACT + Detector + Recovery),4,8200046,metaworld,True,59,0.2851636049999797,0,0,0,0,0.13393354415893555,task_success_while_recovery_active_per_intervention,True,False,,85a495adc7db694f3ed36b0049febf350554de2acedfc6d009447b76d796156c,bce931c8f7f4b2ca6d96ac63f5e3bd3c7b1a2d9a694728801ff6b1a12baf8802,1c856fdcb5da12c3fa2d15b38741aa980fa3a47e64fb99f8635817590128f9ea,,,custom,0.2,False
REIM (ACT + Detector + Recovery),5,8200047,metaworld,True,57,0.1319755209988216,1,1,1,45,0.2445751279592514,task_success_while_recovery_active_per_intervention,True,False,,037cbd70a0156c5d565e4e5c96c10eab4add1082e965137952b2409bbb7cfcea,bce931c8f7f4b2ca6d96ac63f5e3bd3c7b1a2d9a694728801ff6b1a12baf8802,38329c6b97bbe7d133bf007c22742dca5f0cd7258f8d7199135c6c2371ae591d,,,custom,0.2,False
REIM (ACT + Detector + Recovery),6,8200048,metaworld,True,56,0.16126316300142207,1,1,1,35,0.23401044309139252,task_success_while_recovery_active_per_intervention,True,False,,01e54998cfce36766942f61aa439b3719f7594657df18a56508ec0512b0b59f9,bce931c8f7f4b2ca6d96ac63f5e3bd3c7b1a2d9a694728801ff6b1a12baf8802,6cb8d983459a8e57d4ae53a86da2394015cabba2d7c306dcaf7b14af979ca230,,,custom,0.2,False
REIM (ACT + Detector + Recovery),7,8200049,metaworld,True,53,0.25888597599987406,0,0,0,0,0.11437756568193436,task_success_while_recovery_active_per_intervention,True,False,,a61bdec739f4d37bfe849420030009a8dbe658763b4bc04461a651fd4ab39470,bce931c8f7f4b2ca6d96ac63f5e3bd3c7b1a2d9a694728801ff6b1a12baf8802,742509487aeb71d366f1ddafa1cb12db2f7cfefe17c4ca89c98cffb67c1c8619,,,custom,0.2,False
REIM (ACT + Detector + Recovery),8,8200050,metaworld,True,55,0.1504910170006042,1,1,1,36,0.19880978763103485,task_success_while_recovery_active_per_intervention,True,False,,7c2a993521d007406a85a6bef4a03f0e81a10ac96b7009448646fb5f86958b79,bce931c8f7f4b2ca6d96ac63f5e3bd3c7b1a2d9a694728801ff6b1a12baf8802,7c3391ee418e26d47c002810bc00065e4dd0b6728c969d2338ad549ad01ebb0a,,,custom,0.2,False
REIM (ACT + Detector + Recovery),9,8200051,metaworld,True,58,0.27881121200334746,0,0,0,0,0.15208671987056732,task_success_while_recovery_active_per_intervention,True,False,,f3ec4da9422b651bcc4f3d1f0980c2dbc27b8150f055888b600af6db65b18d10,bce931c8f7f4b2ca6d96ac63f5e3bd3c7b1a2d9a694728801ff6b1a12baf8802,a0b103bf3e43f4aa92753185301eba5e2e31594285004b99f51a59b33bd2d620,,,custom,0.2,False
REIM (ACT + Detector + Recovery),10,8200052,metaworld,True,61,0.2940065089969721,0,0,0,0,0.1514655500650406,task_success_while_recovery_active_per_intervention,True,False,,db53ed7dc5db213fef8b0b7a1bb0c1d585a0b4555c9a8facd81ecfae1a1bd7fb,bce931c8f7f4b2ca6d96ac63f5e3bd3c7b1a2d9a694728801ff6b1a12baf8802,1c856fdcb5da12c3fa2d15b38741aa980fa3a47e64fb99f8635817590128f9ea,,,custom,0.2,False
REIM (ACT + Detector + Recovery),11,8200053,metaworld,True,55,0.11238167099872953,1,1,1,48,0.526435911655426,task_success_while_recovery_active_per_intervention,True,False,,ce036068db18b512feeeaf57b73493c0f3d55dc94fb8ab3c7b7d7cb07d7d43e7,bce931c8f7f4b2ca6d96ac63f5e3bd3c7b1a2d9a694728801ff6b1a12baf8802,35aa26efb4a8651c1d8f46a573d3d4fea76add87b5c76a00531e1cea9ad04412,,,custom,0.2,False
REIM (ACT + Detector + Recovery),12,8200054,metaworld,True,54,0.11113964299875079,1,1,1,47,0.5225667357444763,task_success_while_recovery_active_per_intervention,True,False,,b33420805bc64ffe218af63900a3c9d41f9889439b22a3be0f520a2f152d204c,bce931c8f7f4b2ca6d96ac63f5e3bd3c7b1a2d9a694728801ff6b1a12baf8802,35aa26efb4a8651c1d8f46a573d3d4fea76add87b5c76a00531e1cea9ad04412,,,custom,0.2,False
REIM (ACT + Detector + Recovery),13,8200055,metaworld,True,51,0.24573533899820177,0,0,0,0,0.15840451419353485,task_success_while_recovery_active_per_intervention,True,False,,99316ee8d94048c280a0b5f9ec3053700a5ccd96cc523832f536abb892be35bf,bce931c8f7f4b2ca6d96ac63f5e3bd3c7b1a2d9a694728801ff6b1a12baf8802,6943489118fc060756e24fd47685e2c10173293d54af0af7e8afa9e287c9c5f1,,,custom,0.2,False
REIM (ACT + Detector + Recovery),14,8200056,metaworld,True,53,0.25348403500174754,0,0,0,0,0.1555403620004654,task_success_while_recovery_active_per_intervention,True,False,,d9a494a817eb5f473be072522db529ef6cfc9611ff46bf4082beaea009211998,bce931c8f7f4b2ca6d96ac63f5e3bd3c7b1a2d9a694728801ff6b1a12baf8802,acfaed29b052207b47b4b7fa76672795fd08de3add8565db05f141de82ece90b,,,custom,0.2,False
REIM (ACT + Detector + Recovery),15,8200057,metaworld,True,54,0.2622015730012208,0,0,0,0,0.12514081597328186,task_success_while_recovery_active_per_intervention,True,False,,799f037fa7ee362f6ca1849b1a8710c40dd5ba8c09b05352dd224f997caa5b87,bce931c8f7f4b2ca6d96ac63f5e3bd3c7b1a2d9a694728801ff6b1a12baf8802,6338b57c8983138382fa5c9ee7bb2d2c200be44368697f7ffa8216ea26ddccaf,,,custom,0.2,False
REIM (ACT + Detector + Recovery),16,8200058,metaworld,True,56,0.270685631003289,0,0,0,0,0.15230736136436462,task_success_while_recovery_active_per_intervention,True,False,,94a5c50d02f60805d36b5fa2a2b2ed238d0427658972ea1ab72462a4405c0c65,bce931c8f7f4b2ca6d96ac63f5e3bd3c7b1a2d9a694728801ff6b1a12baf8802,15a9adece7ebea14bdf37f5376e274c6dce4711281025cf35060933ba9ab8ad3,,,custom,0.2,False
REIM (ACT + Detector + Recovery),17,8200059,metaworld,True,59,0.12583987499965588,1,1,1,50,0.5333486795425415,task_success_while_recovery_active_per_intervention,True,False,,3d20bfafe363ad6c5e583226acda0d94f99f8d8134560b14fde08784bd1f70ca,bce931c8f7f4b2ca6d96ac63f5e3bd3c7b1a2d9a694728801ff6b1a12baf8802,ba19e0623fe05add91e00811bacb33e27305f5fcb6549be6f6278ebce6046101,,,custom,0.2,False
REIM (ACT + Detector + Recovery),18,8200060,metaworld,True,56,0.12805861200104118,1,1,1,45,0.28390318155288696,task_success_while_recovery_active_per_intervention,True,False,,a460044cb8d61ce5aea6fefff360d95f74b88f0a74ffbb5ac4fbff126eb1b834,bce931c8f7f4b2ca6d96ac63f5e3bd3c7b1a2d9a694728801ff6b1a12baf8802,342b72dafe0e47ecf8a937cb01e62ac02c2d77bf93dafca59574cbbbfc4ad77b,,,custom,0.2,False
REIM (ACT + Detector + Recovery),19,8200061,metaworld,True,56,0.16232100799970794,1,1,1,36,0.2979244589805603,task_success_while_recovery_active_per_intervention,True,False,,e5906c11343f46442ec04defad04a472e543f4e82f8beb2bc98b3177664e419b,bce931c8f7f4b2ca6d96ac63f5e3bd3c7b1a2d9a694728801ff6b1a12baf8802,2eb279a724955c1a9d173681940490ec9cc8ed4fdc15a95533884a23d4ccdb4e,,,custom,0.2,False
REIM (ACT + Detector + Recovery),20,8200062,metaworld,False,200,0.49099130000104196,1,0,1,150,0.9904562830924988,task_success_while_recovery_active_per_intervention,False,True,timeout,0cd5744a64e9e21a91c805ab5fac657261155957ecacffba9bd625e484d50892,bce931c8f7f4b2ca6d96ac63f5e3bd3c7b1a2d9a694728801ff6b1a12baf8802,b8e45a2f8f553d53c6eef0305347f910b9999bcae6df6ccaf0eaee6ac864e670,,,custom,0.2,False
REIM (ACT + Detector + Recovery),21,8200063,metaworld,True,55,0.13778449299934437,1,1,1,41,0.24060414731502533,task_success_while_recovery_active_per_intervention,True,False,,3de6feb9a50a0c4fba7b11656b6712d31ed83f87cb354496e8c99b599f2e2f9e,bce931c8f7f4b2ca6d96ac63f5e3bd3c7b1a2d9a694728801ff6b1a12baf8802,342b72dafe0e47ecf8a937cb01e62ac02c2d77bf93dafca59574cbbbfc4ad77b,,,custom,0.2,False
REIM (ACT + Detector + Recovery),22,8200064,metaworld,True,55,0.1267596819998289,1,1,1,45,0.4247947037220001,task_success_while_recovery_active_per_intervention,True,False,,835d06901c5aad171778ae8fdd2167101ebdd88e0bceacec63a82043a4ac31ce,bce931c8f7f4b2ca6d96ac63f5e3bd3c7b1a2d9a694728801ff6b1a12baf8802,acfaed29b052207b47b4b7fa76672795fd08de3add8565db05f141de82ece90b,,,custom,0.2,False
REIM (ACT + Detector + Recovery),23,8200065,metaworld,True,61,0.13285105300019495,1,1,1,52,0.2197405844926834,task_success_while_recovery_active_per_intervention,True,False,,1e4f3b7358cd64afc49bafcf4314f5529b2c8375fc5b8b0833bc802712b9324a,bce931c8f7f4b2ca6d96ac63f5e3bd3c7b1a2d9a694728801ff6b1a12baf8802,0f719f94ef165c0b816b8b10c3f4f5fcf802c9f5a25141035590310315749280,,,custom,0.2,False
REIM (ACT + Detector + Recovery),24,8200066,metaworld,True,56,0.13373043199680978,1,1,1,43,0.31845301389694214,task_success_while_recovery_active_per_intervention,True,False,,9627511e09c2593056d05dd8022daf5b6b65913e17c5cb90efd42c57dc533cac,bce931c8f7f4b2ca6d96ac63f5e3bd3c7b1a2d9a694728801ff6b1a12baf8802,2eb279a724955c1a9d173681940490ec9cc8ed4fdc15a95533884a23d4ccdb4e,,,custom,0.2,False
REIM (ACT + Detector + Recovery),25,8200067,metaworld,True,58,0.12195503799739527,1,1,1,50,0.574906051158905,task_success_while_recovery_active_per_intervention,True,False,,48f032e43b659b5395ac6c7549d040ddb02a3e39dffb2ae53d8c8900c8c08af1,bce931c8f7f4b2ca6d96ac63f5e3bd3c7b1a2d9a694728801ff6b1a12baf8802,ba19e0623fe05add91e00811bacb33e27305f5fcb6549be6f6278ebce6046101,,,custom,0.2,False
REIM (ACT + Detector + Recovery),26,8200068,metaworld,True,50,0.1292579580003803,1,1,1,35,0.29588526487350464,task_success_while_recovery_active_per_intervention,True,False,,ba066cb1b9dada40620ba28e4b5e191349dd21b0e447264654205ce7395ca53e,bce931c8f7f4b2ca6d96ac63f5e3bd3c7b1a2d9a694728801ff6b1a12baf8802,504c23f653f6cdee9d659d9320b164606b319d4f0e9cdf0f3a87e2fc7a98160a,,,custom,0.2,False
REIM (ACT + Detector + Recovery),27,8200069,metaworld,True,57,0.17062311599875102,1,1,1,33,0.19555078446865082,task_success_while_recovery_active_per_intervention,True,False,,99977567dba3b10d92649d3574cb7fbe15da2ba9e7592ef18e63325123e58afc,bce931c8f7f4b2ca6d96ac63f5e3bd3c7b1a2d9a694728801ff6b1a12baf8802,f82ceac6f8787ac22c378edc1f141cedcc86bf9309b43f1aff6633ae0a963abb,,,custom,0.2,False
REIM (ACT + Detector + Recovery),28,8200070,metaworld,True,51,0.11714818600012222,1,1,1,41,0.27874401211738586,task_success_while_recovery_active_per_intervention,True,False,,f72c4a7f1ddd06ab9e65a54ce987ffbc0c785694b44d930f2a6d44c2dcf63edc,bce931c8f7f4b2ca6d96ac63f5e3bd3c7b1a2d9a694728801ff6b1a12baf8802,504c23f653f6cdee9d659d9320b164606b319d4f0e9cdf0f3a87e2fc7a98160a,,,custom,0.2,False
REIM (ACT + Detector + Recovery),29,8200071,metaworld,True,57,0.2969313649991818,0,0,0,0,0.16286501288414001,task_success_while_recovery_active_per_intervention,True,False,,d0b017b2c668ccf71a36100921253c2ead694e798347a4ca5c46d879a1edbb17,bce931c8f7f4b2ca6d96ac63f5e3bd3c7b1a2d9a694728801ff6b1a12baf8802,f6a9ed9055e00c868d6771022c2c557a6a48990bdacbed585d07cde857d4755a,,,custom,0.2,False
REIM (ACT + Detector + Recovery),30,8200072,metaworld,True,53,0.11737727999934577,1,1,1,45,0.3247635066509247,task_success_while_recovery_active_per_intervention,True,False,,02f267c5b7dad9c741fbd80812e957dce31866e5fcd725d42960d07258c219ea,bce931c8f7f4b2ca6d96ac63f5e3bd3c7b1a2d9a694728801ff6b1a12baf8802,c40fedd273cade53989af8adc3ca66d02f2d92ca4d97b2f6391a0dd0ab6dbca3,,,custom,0.2,False
REIM (ACT + Detector + Recovery),31,8200073,metaworld,True,51,0.2509010460016725,0,0,0,0,0.1315152496099472,task_success_while_recovery_active_per_intervention,True,False,,66d649e7199aa4e25cafef92b0e9a65d54ff74f903a406c93642a2a38e98b5c4,bce931c8f7f4b2ca6d96ac63f5e3bd3c7b1a2d9a694728801ff6b1a12baf8802,56b7f182edcfeefa9301e1edd53d7f36e4418de7e6df1b54b0f0c298cde1b3cd,,,custom,0.2,False
REIM (ACT + Detector + Recovery),32,8200074,metaworld,True,61,0.13426779300061753,1,1,1,52,0.22208113968372345,task_success_while_recovery_active_per_intervention,True,False,,55c25290060bfb64eaaa394804845e24d37039609738fbefa0a178eebdab5048,bce931c8f7f4b2ca6d96ac63f5e3bd3c7b1a2d9a694728801ff6b1a12baf8802,e216352c7f1c7392270c7c501bb599f2a46f420613a124fda0729ab88160cdf2,,,custom,0.2,False
REIM (ACT + Detector + Recovery),33,8200075,metaworld,True,60,0.1870779640012188,1,1,1,35,0.21270962059497833,task_success_while_recovery_active_per_intervention,True,False,,11500f5d0076055309ee6d161c33ec224e3f47697bdd5ed7275c9a73ca3ca70f,bce931c8f7f4b2ca6d96ac63f5e3bd3c7b1a2d9a694728801ff6b1a12baf8802,c5023b3d25031a103b9549b6e8c83ba09d69e708ef117c31128a38e03616e5d8,,,custom,0.2,False
REIM (ACT + Detector + Recovery),34,8200076,metaworld,True,54,0.1485093199989933,1,1,1,36,0.29396918416023254,task_success_while_recovery_active_per_intervention,True,False,,b76aea847e2cd0d486a51cb5398ac7862f3a1f98762cf456a9196b818e1d5c19,bce931c8f7f4b2ca6d96ac63f5e3bd3c7b1a2d9a694728801ff6b1a12baf8802,aa1f17aacdf569c3a2930a2ebbf742ff43f8d3acfc772731a5c344cabcd52570,,,custom,0.2,False
REIM (ACT + Detector + Recovery),35,8200077,metaworld,True,59,0.14557360999970115,1,1,1,47,0.2545729875564575,task_success_while_recovery_active_per_intervention,True,False,,1c1f7ff39cae9c04980bcc9786d43b99ca6c7e347a841c1d521c73e4e5c46609,bce931c8f7f4b2ca6d96ac63f5e3bd3c7b1a2d9a694728801ff6b1a12baf8802,524e161a612d94c222d06154bcd0129d0851b8fad51ae883abbef6e86d43cbb0,,,custom,0.2,False
REIM (ACT + Detector + Recovery),36,8200078,metaworld,True,58,0.29611816199758323,0,0,0,0,0.16133466362953186,task_success_while_recovery_active_per_intervention,True,False,,6c3d1463a86d6174e53b9e9bc1fc4d6e0dbab988bfcc474b3876e71aa44a63ed,bce931c8f7f4b2ca6d96ac63f5e3bd3c7b1a2d9a694728801ff6b1a12baf8802,1c856fdcb5da12c3fa2d15b38741aa980fa3a47e64fb99f8635817590128f9ea,,,custom,0.2,False
REIM (ACT + Detector + Recovery),37,8200079,metaworld,True,55,0.14727440500064404,1,1,1,39,0.2781273424625397,task_success_while_recovery_active_per_intervention,True,False,,c226c5f5165241755e937071cb269b70e3ab7ac72fd4228dd877ecc10824eac8,bce931c8f7f4b2ca6d96ac63f5e3bd3c7b1a2d9a694728801ff6b1a12baf8802,342b72dafe0e47ecf8a937cb01e62ac02c2d77bf93dafca59574cbbbfc4ad77b,,,custom,0.2,False
REIM (ACT + Detector + Recovery),38,8200080,metaworld,True,53,0.17181865999737056,1,1,1,28,0.2033393532037735,task_success_while_recovery_active_per_intervention,True,False,,73bc7ef536990da1cb41f1759ff0a12ddd599e16d53592538e04cab8a7d380fc,bce931c8f7f4b2ca6d96ac63f5e3bd3c7b1a2d9a694728801ff6b1a12baf8802,0f719f94ef165c0b816b8b10c3f4f5fcf802c9f5a25141035590310315749280,,,custom,0.2,False
REIM (ACT + Detector + Recovery),39,8200081,metaworld,True,52,0.17452916399997775,1,1,1,29,0.17993299663066864,task_success_while_recovery_active_per_intervention,True,False,,3dc33cb91d9e3cb445ccbf320aed8c80b7c407a9d44236de3630724c74b8a2ef,bce931c8f7f4b2ca6d96ac63f5e3bd3c7b1a2d9a694728801ff6b1a12baf8802,38329c6b97bbe7d133bf007c22742dca5f0cd7258f8d7199135c6c2371ae591d,,,custom,0.2,False
REIM (ACT + Detector + Recovery),40,8200082,metaworld,False,200,0.5390497279986448,1,0,1,138,0.9986146688461304,task_success_while_recovery_active_per_intervention,False,True,timeout,48ad221c9847c815061815969dad61b4b1ad5d0dffc9af0116404c465ce4ae4a,bce931c8f7f4b2ca6d96ac63f5e3bd3c7b1a2d9a694728801ff6b1a12baf8802,5d73f28d4d24cdbcb36a5e5cd61ec1a82f7287ce56d88da8cea912ed757b164c,,,custom,0.2,False
REIM (ACT + Detector + Recovery),41,8200083,metaworld,True,61,0.13036262300011003,1,1,1,53,0.2639724314212799,task_success_while_recovery_active_per_intervention,True,False,,f78d7cf947eb652d2a894728bd022dd7e5289da6d63978f1638a2d01c27917ae,bce931c8f7f4b2ca6d96ac63f5e3bd3c7b1a2d9a694728801ff6b1a12baf8802,e216352c7f1c7392270c7c501bb599f2a46f420613a124fda0729ab88160cdf2,,,custom,0.2,False
REIM (ACT + Detector + Recovery),42,8200084,metaworld,True,62,0.13443830300093396,1,1,1,54,0.3597302734851837,task_success_while_recovery_active_per_intervention,True,False,,1b3d74f782256337262474224d98bc3a2b01c15377dc3ac74e9742e1427afbf8,bce931c8f7f4b2ca6d96ac63f5e3bd3c7b1a2d9a694728801ff6b1a12baf8802,524e161a612d94c222d06154bcd0129d0851b8fad51ae883abbef6e86d43cbb0,,,custom,0.2,False
REIM (ACT + Detector + Recovery),43,8200085,metaworld,True,59,0.14120644599825027,1,1,1,47,0.26827549934387207,task_success_while_recovery_active_per_intervention,True,False,,15ac612a935e44b21a54b02a4e454974cc154adbb7b468d232c48fe9be7ca1ff,bce931c8f7f4b2ca6d96ac63f5e3bd3c7b1a2d9a694728801ff6b1a12baf8802,0cda21f8ffacf0a1e40e7b0e858a8e2ddc276972106d4bced99d4404b4a13fd8,,,custom,0.2,False
REIM (ACT + Detector + Recovery),44,8200086,metaworld,True,59,0.29559545700249146,0,0,0,0,0.14015799760818481,task_success_while_recovery_active_per_intervention,True,False,,20ee2e75df190a7b67fd80c57a5e722ec514412939f7e6aa103fc9078cc37fdd,bce931c8f7f4b2ca6d96ac63f5e3bd3c7b1a2d9a694728801ff6b1a12baf8802,e216352c7f1c7392270c7c501bb599f2a46f420613a124fda0729ab88160cdf2,,,custom,0.2,False
REIM (ACT + Detector + Recovery),45,8200087,metaworld,True,56,0.27842634999979055,0,0,0,0,0.14009684324264526,task_success_while_recovery_active_per_intervention,True,False,,8ac998266bfbe3d11b8ce1ad8d6c30019696b3f52396cee25e945e80a5cd2e1e,bce931c8f7f4b2ca6d96ac63f5e3bd3c7b1a2d9a694728801ff6b1a12baf8802,0cda21f8ffacf0a1e40e7b0e858a8e2ddc276972106d4bced99d4404b4a13fd8,,,custom,0.2,False
REIM (ACT + Detector + Recovery),46,8200088,metaworld,True,57,0.15144176699686795,1,1,1,40,0.2552102506160736,task_success_while_recovery_active_per_intervention,True,False,,ad5ee0cd25f73f3217d18ba8897a6bc17ca7453f6baf070f8090551989c3f2ce,bce931c8f7f4b2ca6d96ac63f5e3bd3c7b1a2d9a694728801ff6b1a12baf8802,2eb279a724955c1a9d173681940490ec9cc8ed4fdc15a95533884a23d4ccdb4e,,,custom,0.2,False
REIM (ACT + Detector + Recovery),47,8200089,metaworld,True,54,0.1841512809987762,1,1,1,26,0.18808454275131226,task_success_while_recovery_active_per_intervention,True,False,,699be551a78bd3f88c7c489ffc91824d96ad38bdcb2d501e79f5643dafd3b615,bce931c8f7f4b2ca6d96ac63f5e3bd3c7b1a2d9a694728801ff6b1a12baf8802,acfaed29b052207b47b4b7fa76672795fd08de3add8565db05f141de82ece90b,,,custom,0.2,False
REIM (ACT + Detector + Recovery),48,8200090,metaworld,True,60,0.2994002109990106,0,0,0,0,0.1457943469285965,task_success_while_recovery_active_per_intervention,True,False,,aaf02d80b78760cfaad2dfa3786f638f6cd40edf71e868f16cd6dc5c6ab14a9e,bce931c8f7f4b2ca6d96ac63f5e3bd3c7b1a2d9a694728801ff6b1a12baf8802,5732f26a5a3acd61cb38107328c80d8fadad8368570aba69b803668406e8f53d,,,custom,0.2,False
REIM (ACT + Detector + Recovery),49,8200091,metaworld,True,63,0.14075288900130545,1,1,1,53,0.3848874866962433,task_success_while_recovery_active_per_intervention,True,False,,3d023aa22f6a63c4db4e1cda93c48ade622390aa09d2e7c5191bfd70400d7733,bce931c8f7f4b2ca6d96ac63f5e3bd3c7b1a2d9a694728801ff6b1a12baf8802,39001749c902e2ab9d015efb8c7644faffff99810b709d3203dc359d5eacdcbd,,,custom,0.2,False
REIM (ACT + Detector + Recovery),50,8200092,metaworld,True,58,0.16618645899870899,1,1,1,37,0.2289249300956726,task_success_while_recovery_active_per_intervention,True,False,,c8f4a5e6c3b6242399f0a22dd5fb53f35756ae2fd88d0398004355c286f13a47,bce931c8f7f4b2ca6d96ac63f5e3bd3c7b1a2d9a694728801ff6b1a12baf8802,64ee837add19202e84553431fdab118462cf5265eeae19a4d044b5a6818f771d,,,custom,0.2,False
REIM (ACT + Detector + Recovery),51,8200093,metaworld,True,52,0.1521340120016248,1,1,1,34,0.23183421790599823,task_success_while_recovery_active_per_intervention,True,False,,785c10c6cb79430ce9b9d8426f5ea497f3c844e3e26bd63ffe84bb9ed1da0de2,bce931c8f7f4b2ca6d96ac63f5e3bd3c7b1a2d9a694728801ff6b1a12baf8802,aa1f17aacdf569c3a2930a2ebbf742ff43f8d3acfc772731a5c344cabcd52570,,,custom,0.2,False
REIM (ACT + Detector + Recovery),52,8200094,metaworld,True,51,0.14983118799864314,1,1,1,37,0.23177073895931244,task_success_while_recovery_active_per_intervention,True,False,,5f5522c2fd9de390fe1877290f0b9f71579ceb596850f8c7abda510d2a7ab87d,bce931c8f7f4b2ca6d96ac63f5e3bd3c7b1a2d9a694728801ff6b1a12baf8802,27e1ed8c670f23dae46752497e383610e58c248d638e3b9b707808a32ce33d4e,,,custom,0.2,False
REIM (ACT + Detector + Recovery),53,8200095,metaworld,False,200,0.5213628429992241,1,0,1,150,0.9988176226615906,task_success_while_recovery_active_per_intervention,False,True,object_dropped,0f0680c24b54bf5e39b0a352d4bdbfb124a2e55fdd233778a9a5808aa4c74c4d,bce931c8f7f4b2ca6d96ac63f5e3bd3c7b1a2d9a694728801ff6b1a12baf8802,64ee837add19202e84553431fdab118462cf5265eeae19a4d044b5a6818f771d,,,custom,0.2,False
REIM (ACT + Detector + Recovery),54,8200096,metaworld,True,57,0.14125994600181002,1,1,1,44,0.18245939910411835,task_success_while_recovery_active_per_intervention,True,False,,926a21ed0296e5cdca35068572411222566382eb4c7066c040b619c4add4ec5e,bce931c8f7f4b2ca6d96ac63f5e3bd3c7b1a2d9a694728801ff6b1a12baf8802,5e1df472084de78052388a34f03cad3de438ca9b5dc801b5759dd57c66a7482a,,,custom,0.2,False
REIM (ACT + Detector + Recovery),55,8200097,metaworld,False,200,0.5301219749999291,1,0,1,143,0.9979909658432007,task_success_while_recovery_active_per_intervention,False,True,object_dropped,46d668b8e00aaca68507e9fe6df66c881bb9ad84a91b988b7f8cbfda9100a48a,bce931c8f7f4b2ca6d96ac63f5e3bd3c7b1a2d9a694728801ff6b1a12baf8802,4e97203f8ce1a96cef19545d4c4c300d0de39e4f94bd1941cef7ebc3dd48be02,,,custom,0.2,False
REIM (ACT + Detector + Recovery),56,8200098,metaworld,True,55,0.1429333960004442,1,1,1,41,0.22908233106136322,task_success_while_recovery_active_per_intervention,True,False,,a01ceb9390a980d25cf355666ddd1b9d0af1a133c0bdc232f834250f2e92369e,bce931c8f7f4b2ca6d96ac63f5e3bd3c7b1a2d9a694728801ff6b1a12baf8802,38329c6b97bbe7d133bf007c22742dca5f0cd7258f8d7199135c6c2371ae591d,,,custom,0.2,False
REIM (ACT + Detector + Recovery),57,8200099,metaworld,True,62,0.13581310500012478,1,1,1,54,0.22134050726890564,task_success_while_recovery_active_per_intervention,True,False,,3145ec7ab78fdf973a4c84046748161f1d05322bda3f75e95dfb142b9601f76d,bce931c8f7f4b2ca6d96ac63f5e3bd3c7b1a2d9a694728801ff6b1a12baf8802,e216352c7f1c7392270c7c501bb599f2a46f420613a124fda0729ab88160cdf2,,,custom,0.2,False
REIM (ACT + Detector + Recovery),58,8200100,metaworld,True,50,0.25199371599956066,0,0,0,0,0.14019271731376648,task_success_while_recovery_active_per_intervention,True,False,,607b67e4149358764c3e8536549b380474c35cfc738d238790cf9e7d4dea46e3,bce931c8f7f4b2ca6d96ac63f5e3bd3c7b1a2d9a694728801ff6b1a12baf8802,15a9adece7ebea14bdf37f5376e274c6dce4711281025cf35060933ba9ab8ad3,,,custom,0.2,False
REIM (ACT + Detector + Recovery),59,8200101,metaworld,True,61,0.14900675199896796,1,1,1,48,0.30492204427719116,task_success_while_recovery_active_per_intervention,True,False,,d340fcf1d522ea02c5ce61510348e696fc251373df7a7b3f545ea799df8cc3e0,bce931c8f7f4b2ca6d96ac63f5e3bd3c7b1a2d9a694728801ff6b1a12baf8802,0cda21f8ffacf0a1e40e7b0e858a8e2ddc276972106d4bced99d4404b4a13fd8,,,custom,0.2,False
REIM (ACT + Detector + Recovery),60,8200102,metaworld,True,56,0.2878425310009334,0,0,0,0,0.09758519381284714,task_success_while_recovery_active_per_intervention,True,False,,10099574d0769070dda592f4ad52ccbda797e006c0c7870b7e3286c899d662b1,bce931c8f7f4b2ca6d96ac63f5e3bd3c7b1a2d9a694728801ff6b1a12baf8802,742509487aeb71d366f1ddafa1cb12db2f7cfefe17c4ca89c98cffb67c1c8619,,,custom,0.2,False
REIM (ACT + Detector + Recovery),61,8200103,metaworld,True,56,0.16019373100061784,1,1,1,37,0.1860448569059372,task_success_while_recovery_active_per_intervention,True,False,,d890e5167a0439950938131086edebe075e3f718c0945331d57ea6be6a97d336,bce931c8f7f4b2ca6d96ac63f5e3bd3c7b1a2d9a694728801ff6b1a12baf8802,6943489118fc060756e24fd47685e2c10173293d54af0af7e8afa9e287c9c5f1,,,custom,0.2,False
REIM (ACT + Detector + Recovery),62,8200104,metaworld,True,52,0.163393509999878,1,1,1,30,0.1825251579284668,task_success_while_recovery_active_per_intervention,True,False,,12afb939bdb15e33c695276b5ac9423befd29f8ae1b59f9b686727ba0dcf0cd5,bce931c8f7f4b2ca6d96ac63f5e3bd3c7b1a2d9a694728801ff6b1a12baf8802,c40fedd273cade53989af8adc3ca66d02f2d92ca4d97b2f6391a0dd0ab6dbca3,,,custom,0.2,False
REIM (ACT + Detector + Recovery),63,8200105,metaworld,True,59,0.12295061400072882,1,1,1,53,0.4634583294391632,task_success_while_recovery_active_per_intervention,True,False,,82a942ee5520fb43d5e086bf3bc00ac2f852bbeba91849e1c0d4810c75271022,bce931c8f7f4b2ca6d96ac63f5e3bd3c7b1a2d9a694728801ff6b1a12baf8802,35203d16cfa98b5f2e002fcb1ffde2400abf9459c161f6a289efa0c46eddb36f,,,custom,0.2,False
REIM (ACT + Detector + Recovery),64,8200106,metaworld,False,200,0.5122813239977404,1,0,1,150,0.9990823268890381,task_success_while_recovery_active_per_intervention,False,True,object_dropped,b095a09545134b4ffb336bfa49be2eda4e592f61b2b69321a30919f943ca2b84,bce931c8f7f4b2ca6d96ac63f5e3bd3c7b1a2d9a694728801ff6b1a12baf8802,39001749c902e2ab9d015efb8c7644faffff99810b709d3203dc359d5eacdcbd,,,custom,0.2,False
REIM (ACT + Detector + Recovery),65,8200107,metaworld,True,57,0.1378644249998615,1,1,1,46,0.2627602219581604,task_success_while_recovery_active_per_intervention,True,False,,f758bd0fe54e269c3c708fe585e404aa764a5b42fa79396e8ef5e7ff2edcd68b,bce931c8f7f4b2ca6d96ac63f5e3bd3c7b1a2d9a694728801ff6b1a12baf8802,38329c6b97bbe7d133bf007c22742dca5f0cd7258f8d7199135c6c2371ae591d,,,custom,0.2,False
REIM (ACT + Detector + Recovery),66,8200108,metaworld,True,54,0.12165904699941166,1,1,1,46,0.2705095410346985,task_success_while_recovery_active_per_intervention,True,False,,ec9aae87962f83149f7ab6afa861be763227773a062a6b1f9ee170e9ecb29141,bce931c8f7f4b2ca6d96ac63f5e3bd3c7b1a2d9a694728801ff6b1a12baf8802,aba21ef1c98d0573e36116c9757115227fd3793cba96aea7eda95c2547314ca3,,,custom,0.2,False
REIM (ACT + Detector + Recovery),67,8200109,metaworld,False,200,0.5115656080015469,1,0,1,150,0.9900355935096741,task_success_while_recovery_active_per_intervention,False,True,object_dropped,d36e80ccb9d043ae0fa9ac345d94ca5391ed1617d87c7c97e4ad7a6b317cd455,bce931c8f7f4b2ca6d96ac63f5e3bd3c7b1a2d9a694728801ff6b1a12baf8802,5732f26a5a3acd61cb38107328c80d8fadad8368570aba69b803668406e8f53d,,,custom,0.2,False
REIM (ACT + Detector + Recovery),68,8200110,metaworld,False,200,0.5191742850001901,1,0,1,150,0.9918537735939026,task_success_while_recovery_active_per_intervention,False,True,timeout,168c6b9ebfe800661940b827403824934cb2ee0aeeffcf1d91d45944e5c55c2d,bce931c8f7f4b2ca6d96ac63f5e3bd3c7b1a2d9a694728801ff6b1a12baf8802,aa1f17aacdf569c3a2930a2ebbf742ff43f8d3acfc772731a5c344cabcd52570,,,custom,0.2,False
REIM (ACT + Detector + Recovery),69,8200111,metaworld,True,57,0.2075189870010945,1,1,1,26,0.18434827029705048,task_success_while_recovery_active_per_intervention,True,False,,8917741c0f44cb8d9fcdca15634fc3dab2cf26deb7533df05fb76cceb2ac595e,bce931c8f7f4b2ca6d96ac63f5e3bd3c7b1a2d9a694728801ff6b1a12baf8802,39001749c902e2ab9d015efb8c7644faffff99810b709d3203dc359d5eacdcbd,,,custom,0.2,False
REIM (ACT + Detector + Recovery),70,8200112,metaworld,True,59,0.1336612899976899,1,1,1,51,0.5561625957489014,task_success_while_recovery_active_per_intervention,True,False,,ef0fbc51d31253ea69a4db76563ee3684646ac3300b02a09ed87d20ec74bf66f,bce931c8f7f4b2ca6d96ac63f5e3bd3c7b1a2d9a694728801ff6b1a12baf8802,aba21ef1c98d0573e36116c9757115227fd3793cba96aea7eda95c2547314ca3,,,custom,0.2,False
REIM (ACT + Detector + Recovery),71,8200113,metaworld,True,51,0.13018530299814302,1,1,1,40,0.21290820837020874,task_success_while_recovery_active_per_intervention,True,False,,5861390a85b479bf782ceb79d96c94e0137272bf7e16be6577b0b3ffe27a5ea0,bce931c8f7f4b2ca6d96ac63f5e3bd3c7b1a2d9a694728801ff6b1a12baf8802,c40fedd273cade53989af8adc3ca66d02f2d92ca4d97b2f6391a0dd0ab6dbca3,,,custom,0.2,False
REIM (ACT + Detector + Recovery),72,8200114,metaworld,True,52,0.27646087700122735,0,0,0,0,0.10506070405244827,task_success_while_recovery_active_per_intervention,True,False,,cfee1b7cc51c7d3cd6f961463bd0aef433b9cb554a5b52e44d68c86f051d522b,bce931c8f7f4b2ca6d96ac63f5e3bd3c7b1a2d9a694728801ff6b1a12baf8802,742509487aeb71d366f1ddafa1cb12db2f7cfefe17c4ca89c98cffb67c1c8619,,,custom,0.2,False
REIM (ACT + Detector + Recovery),73,8200115,metaworld,False,200,0.5244010299975344,1,0,1,149,0.9816161394119263,task_success_while_recovery_active_per_intervention,False,True,timeout,503e306a78ece63874a059f901e2a4273858408ad3b137ba5ace62716a7f850a,bce931c8f7f4b2ca6d96ac63f5e3bd3c7b1a2d9a694728801ff6b1a12baf8802,a8cfe6e2276fbd15230c5555255b87d17333bdd29f84f687df7405d0311fae7f,,,custom,0.2,False
REIM (ACT + Detector + Recovery),74,8200116,metaworld,False,200,0.5347113419993548,1,0,1,148,0.998188316822052,task_success_while_recovery_active_per_intervention,False,True,object_dropped,f7e2adff0b37d7eb7e05816b65b4317151902c49a7df58ea1036cd37fdfea4ce,bce931c8f7f4b2ca6d96ac63f5e3bd3c7b1a2d9a694728801ff6b1a12baf8802,4e97203f8ce1a96cef19545d4c4c300d0de39e4f94bd1941cef7ebc3dd48be02,,,custom,0.2,False
REIM (ACT + Detector + Recovery),75,8200117,metaworld,True,53,0.12712343000021065,1,1,1,44,0.2221422791481018,task_success_while_recovery_active_per_intervention,True,False,,5c31fb98499a93a6dceb0cd34138f4b2cac21d96bc3212d1e7302a0545e40827,bce931c8f7f4b2ca6d96ac63f5e3bd3c7b1a2d9a694728801ff6b1a12baf8802,35203d16cfa98b5f2e002fcb1ffde2400abf9459c161f6a289efa0c46eddb36f,,,custom,0.2,False
REIM (ACT + Detector + Recovery),76,8200118,metaworld,True,61,0.15140616999997292,1,1,1,49,0.2139648050069809,task_success_while_recovery_active_per_intervention,True,False,,0ff040abe39bae3233c1e22d3547a3cc7605f7afa0049d0e7e44c2a8303ec737,bce931c8f7f4b2ca6d96ac63f5e3bd3c7b1a2d9a694728801ff6b1a12baf8802,6943489118fc060756e24fd47685e2c10173293d54af0af7e8afa9e287c9c5f1,,,custom,0.2,False
REIM (ACT + Detector + Recovery),77,8200119,metaworld,True,65,0.14641190500333323,1,1,1,57,0.2422713339328766,task_success_while_recovery_active_per_intervention,True,False,,ee6b8e63704b274feface7bdef0b6831bfb8abb4e7703ff08b55dcaf0a61027c,bce931c8f7f4b2ca6d96ac63f5e3bd3c7b1a2d9a694728801ff6b1a12baf8802,a8cfe6e2276fbd15230c5555255b87d17333bdd29f84f687df7405d0311fae7f,,,custom,0.2,False
REIM (ACT + Detector + Recovery),78,8200120,metaworld,True,51,0.14554201300052227,1,1,1,35,0.18618403375148773,task_success_while_recovery_active_per_intervention,True,False,,147195dca1e4360bd74b7a02445bec1e7d1293863f851bdeac53f02c6470b026,bce931c8f7f4b2ca6d96ac63f5e3bd3c7b1a2d9a694728801ff6b1a12baf8802,08a97a6dfa17f78b5cc5b1351d60038e4a40a68fc93722672482714333b1d9b5,,,custom,0.2,False
REIM (ACT + Detector + Recovery),79,8200121,metaworld,True,56,0.3134028259992192,0,0,0,0,0.16362102329730988,task_success_while_recovery_active_per_intervention,True,False,,2b2d201be2ccd47a44a8d4844115cb2ca23d0121fa41d9b686379798c85bbe17,bce931c8f7f4b2ca6d96ac63f5e3bd3c7b1a2d9a694728801ff6b1a12baf8802,7c3391ee418e26d47c002810bc00065e4dd0b6728c969d2338ad549ad01ebb0a,,,custom,0.2,False
REIM (ACT + Detector + Recovery),80,8200122,metaworld,True,49,0.15103474799980177,1,1,1,34,0.24524852633476257,task_success_while_recovery_active_per_intervention,True,False,,fd7c72975287c0f29a0edef55f430e7b683f2cae064784c5cda3d479b484a9dc,bce931c8f7f4b2ca6d96ac63f5e3bd3c7b1a2d9a694728801ff6b1a12baf8802,27e1ed8c670f23dae46752497e383610e58c248d638e3b9b707808a32ce33d4e,,,custom,0.2,False
REIM (ACT + Detector + Recovery),81,8200123,metaworld,True,57,0.3193268380018708,0,0,0,0,0.12566903233528137,task_success_while_recovery_active_per_intervention,True,False,,70357b877ef434b13fa8bfff993a237fb82ce03b4650fe7dbda9e5aec984507f,bce931c8f7f4b2ca6d96ac63f5e3bd3c7b1a2d9a694728801ff6b1a12baf8802,48ce9609a38b32e56f7e6a43ffef71c21c8b1d17ed5a63d47701bc1dfc3ff271,,,custom,0.2,False
REIM (ACT + Detector + Recovery),82,8200124,metaworld,True,62,0.14924330299982103,1,1,1,55,0.45346710085868835,task_success_while_recovery_active_per_intervention,True,False,,516d0dd5a50de653581aa8ce48b3bd488c2d95a26fa8c6d2e0fa90f90721b894,bce931c8f7f4b2ca6d96ac63f5e3bd3c7b1a2d9a694728801ff6b1a12baf8802,06d355d7aff3b944ab4199c02a94c63d062e5c414c0b195f7b232b607e0ab1ed,,,custom,0.2,False
REIM (ACT + Detector + Recovery),83,8200125,metaworld,True,55,0.1729554029989231,1,1,1,37,0.18938395380973816,task_success_while_recovery_active_per_intervention,True,False,,adf77442c7db49dbea4675a69b1b0d41f48d1ab7a65ecd296ea126ec173b172f,bce931c8f7f4b2ca6d96ac63f5e3bd3c7b1a2d9a694728801ff6b1a12baf8802,6943489118fc060756e24fd47685e2c10173293d54af0af7e8afa9e287c9c5f1,,,custom,0.2,False
REIM (ACT + Detector + Recovery),84,8200126,metaworld,False,200,0.5725622040008602,1,0,1,150,0.9598768949508667,task_success_while_recovery_active_per_intervention,False,True,object_dropped,6ef9131fdf3492328fbf05133f26ae4109c91e8ef72845aa5ea9ae45a1056ba9,bce931c8f7f4b2ca6d96ac63f5e3bd3c7b1a2d9a694728801ff6b1a12baf8802,25805a097f1f4b8c203ec3c130dcd3e66b5fb3ad298114a08662aae6c86fa673,,,custom,0.2,False
REIM (ACT + Detector + Recovery),85,8200127,metaworld,True,50,0.1752678860029846,1,1,1,29,0.19582226872444153,task_success_while_recovery_active_per_intervention,True,False,,353c70ae2c54c3e39f13ca267c4419e8c4b53acc87fe15f04847f63ecf711b54,bce931c8f7f4b2ca6d96ac63f5e3bd3c7b1a2d9a694728801ff6b1a12baf8802,08a97a6dfa17f78b5cc5b1351d60038e4a40a68fc93722672482714333b1d9b5,,,custom,0.2,False
REIM (ACT + Detector + Recovery),86,8200128,metaworld,True,58,0.3298158120014705,0,0,0,0,0.1588393747806549,task_success_while_recovery_active_per_intervention,True,False,,b36d1e685ef5d58a983f26e0f320a3ec36cb19dcf7a7e2a2c54a845a58a850d6,bce931c8f7f4b2ca6d96ac63f5e3bd3c7b1a2d9a694728801ff6b1a12baf8802,6cb8d983459a8e57d4ae53a86da2394015cabba2d7c306dcaf7b14af979ca230,,,custom,0.2,False
REIM (ACT + Detector + Recovery),87,8200129,metaworld,True,52,0.12883005399999092,1,1,1,45,0.4386577010154724,task_success_while_recovery_active_per_intervention,True,False,,bc54d38eb31ba9f4a8deea996405e4abe13c04aa7fffaa49e9865cc57a62a1e2,bce931c8f7f4b2ca6d96ac63f5e3bd3c7b1a2d9a694728801ff6b1a12baf8802,35aa26efb4a8651c1d8f46a573d3d4fea76add87b5c76a00531e1cea9ad04412,,,custom,0.2,False
REIM (ACT + Detector + Recovery),88,8200130,metaworld,True,55,0.161481756997091,1,1,1,41,0.25202736258506775,task_success_while_recovery_active_per_intervention,True,False,,f385ef464dbfec43567c4e2a19dcf264e6359926dde644e911d85f26f70cc59e,bce931c8f7f4b2ca6d96ac63f5e3bd3c7b1a2d9a694728801ff6b1a12baf8802,7c3391ee418e26d47c002810bc00065e4dd0b6728c969d2338ad549ad01ebb0a,,,custom,0.2,False
REIM (ACT + Detector + Recovery),89,8200131,metaworld,True,63,0.18773582200083183,1,1,1,46,0.3070067763328552,task_success_while_recovery_active_per_intervention,True,False,,88238ceaae7e62ba372c0bc4392fb4a63cc72bdb9edefbdb4d0b217031816991,bce931c8f7f4b2ca6d96ac63f5e3bd3c7b1a2d9a694728801ff6b1a12baf8802,39001749c902e2ab9d015efb8c7644faffff99810b709d3203dc359d5eacdcbd,,,custom,0.2,False
REIM (ACT + Detector + Recovery),90,8200132,metaworld,True,61,0.14878865299760946,1,1,1,53,0.2660461962223053,task_success_while_recovery_active_per_intervention,True,False,,9b1a8dd6d3e92ec8d909a23754cceb27cc959d00c8bac89ff21727c1fc5b2d6f,bce931c8f7f4b2ca6d96ac63f5e3bd3c7b1a2d9a694728801ff6b1a12baf8802,a8cfe6e2276fbd15230c5555255b87d17333bdd29f84f687df7405d0311fae7f,,,custom,0.2,False
REIM (ACT + Detector + Recovery),91,8200133,metaworld,True,59,0.3419118259989773,0,0,0,0,0.14132162928581238,task_success_while_recovery_active_per_intervention,True,False,,2b5c858edcae634f3d0988364552b95b852b79ebbfe53709d4e469b4974e6921,bce931c8f7f4b2ca6d96ac63f5e3bd3c7b1a2d9a694728801ff6b1a12baf8802,b8e45a2f8f553d53c6eef0305347f910b9999bcae6df6ccaf0eaee6ac864e670,,,custom,0.2,False
REIM (ACT + Detector + Recovery),92,8200134,metaworld,True,53,0.1901395370005048,1,1,1,35,0.20257486402988434,task_success_while_recovery_active_per_intervention,True,False,,e7096cd7da07a0b80fc285c8ef44d9dd6fc8ba26fd3d0bb0a800ef02942fdc86,bce931c8f7f4b2ca6d96ac63f5e3bd3c7b1a2d9a694728801ff6b1a12baf8802,7c3391ee418e26d47c002810bc00065e4dd0b6728c969d2338ad549ad01ebb0a,,,custom,0.2,False
REIM (ACT + Detector + Recovery),93,8200135,metaworld,True,52,0.14978980399973807,1,1,1,40,0.36681362986564636,task_success_while_recovery_active_per_intervention,True,False,,a6e3227b85096ce3c87acf62b5f2e998ca6a477453f91858456cebd30a5fde1c,bce931c8f7f4b2ca6d96ac63f5e3bd3c7b1a2d9a694728801ff6b1a12baf8802,08a97a6dfa17f78b5cc5b1351d60038e4a40a68fc93722672482714333b1d9b5,,,custom,0.2,False
REIM (ACT + Detector + Recovery),94,8200136,metaworld,True,58,0.15581439300149214,1,1,1,47,0.3322484493255615,task_success_while_recovery_active_per_intervention,True,False,,2948b1e81a70ee2541c8c95e031d5f14345231e11251e6cd29186c9af73d81ac,bce931c8f7f4b2ca6d96ac63f5e3bd3c7b1a2d9a694728801ff6b1a12baf8802,588df85fb38ef87f822932ad2f702be807974873e4a07ea43084bbdeeaac6604,,,custom,0.2,False
REIM (ACT + Detector + Recovery),95,8200137,metaworld,True,54,0.14987953399759135,1,1,1,42,0.25966179370880127,task_success_while_recovery_active_per_intervention,True,False,,45a722ceb4f2a092172d98895c4004ef879b6ca270f016521f79761752a09be2,bce931c8f7f4b2ca6d96ac63f5e3bd3c7b1a2d9a694728801ff6b1a12baf8802,71488b32995fa40c6ec3f77f6bcd912b1929aef29d90a66307ad46cd584acf29,,,custom,0.2,False
REIM (ACT + Detector + Recovery),96,8200138,metaworld,True,62,0.23332841099909274,1,1,1,32,0.18736925721168518,task_success_while_recovery_active_per_intervention,True,False,,581f9c1a6956a0b8d8565a184d2698f786ab664ba4f92caf9338b6e298d696d1,bce931c8f7f4b2ca6d96ac63f5e3bd3c7b1a2d9a694728801ff6b1a12baf8802,c5023b3d25031a103b9549b6e8c83ba09d69e708ef117c31128a38e03616e5d8,,,custom,0.2,False
REIM (ACT + Detector + Recovery),97,8200139,metaworld,True,53,0.14754710999841336,1,1,1,43,0.29189202189445496,task_success_while_recovery_active_per_intervention,True,False,,fc3f495604c627f9e5cdd15ea5933deda6600f093fee589a064fd583ac69694c,bce931c8f7f4b2ca6d96ac63f5e3bd3c7b1a2d9a694728801ff6b1a12baf8802,c40fedd273cade53989af8adc3ca66d02f2d92ca4d97b2f6391a0dd0ab6dbca3,,,custom,0.2,False
REIM (ACT + Detector + Recovery),98,8200140,metaworld,True,55,0.19576664199848892,1,1,1,31,0.2580369710922241,task_success_while_recovery_active_per_intervention,True,False,,b32b0b2f03229997ebddd9f249e071b2bb95bda820ea47efde9f0b5c76834050,bce931c8f7f4b2ca6d96ac63f5e3bd3c7b1a2d9a694728801ff6b1a12baf8802,f82ceac6f8787ac22c378edc1f141cedcc86bf9309b43f1aff6633ae0a963abb,,,custom,0.2,False
REIM (ACT + Detector + Recovery),99,8200141,metaworld,True,58,0.16778667100152234,1,1,1,43,0.29350972175598145,task_success_while_recovery_active_per_intervention,True,False,,eb2299d24e2a7b67a8b2fb6a323b9d1a3962f8ec8058905cda724610324f2237,bce931c8f7f4b2ca6d96ac63f5e3bd3c7b1a2d9a694728801ff6b1a12baf8802,2eb279a724955c1a9d173681940490ec9cc8ed4fdc15a95533884a23d4ccdb4e,,,custom,0.2,False
REIM (ACT + Detector + Recovery),100,8200142,metaworld,True,53,0.13576169599764398,1,1,1,45,0.45602157711982727,task_success_while_recovery_active_per_intervention,True,False,,f30fc863c6886b39ecbc11b09180e2decda58f1e3221e4b21a50994940f51724,bce931c8f7f4b2ca6d96ac63f5e3bd3c7b1a2d9a694728801ff6b1a12baf8802,35aa26efb4a8651c1d8f46a573d3d4fea76add87b5c76a00531e1cea9ad04412,,,custom,0.2,False
REIM (ACT + Detector + Recovery),101,8200143,metaworld,True,57,0.17018489499969292,1,1,1,42,0.3188776671886444,task_success_while_recovery_active_per_intervention,True,False,,73c2e960c258b89bcc1aa5c6633eb5fb92a93011e92bbeb4f665ec2d6cd41736,bce931c8f7f4b2ca6d96ac63f5e3bd3c7b1a2d9a694728801ff6b1a12baf8802,aa1f17aacdf569c3a2930a2ebbf742ff43f8d3acfc772731a5c344cabcd52570,,,custom,0.2,False
REIM (ACT + Detector + Recovery),102,8200144,metaworld,True,50,0.15131443700011005,1,1,1,35,0.21912504732608795,task_success_while_recovery_active_per_intervention,True,False,,bc3ce94c59836edfe9eb0af71f50e7bb04952976b5cbba1bde65803d5ba59fee,bce931c8f7f4b2ca6d96ac63f5e3bd3c7b1a2d9a694728801ff6b1a12baf8802,08a97a6dfa17f78b5cc5b1351d60038e4a40a68fc93722672482714333b1d9b5,,,custom,0.2,False
REIM (ACT + Detector + Recovery),103,8200145,metaworld,True,56,0.31648701399899437,0,0,0,0,0.15265800058841705,task_success_while_recovery_active_per_intervention,True,False,,2cc2953c465cfb7810124a71d79c1c164ed189d8f3bf46ab5e6813e5600c4614,bce931c8f7f4b2ca6d96ac63f5e3bd3c7b1a2d9a694728801ff6b1a12baf8802,25805a097f1f4b8c203ec3c130dcd3e66b5fb3ad298114a08662aae6c86fa673,,,custom,0.2,False
REIM (ACT + Detector + Recovery),104,8200146,metaworld,True,54,0.3012084460024198,0,0,0,0,0.1655169129371643,task_success_while_recovery_active_per_intervention,True,False,,77d53a3dd0729a46e9c32b7d0a6fa19f08b8973f4f2f137b04c157ce1d650024,bce931c8f7f4b2ca6d96ac63f5e3bd3c7b1a2d9a694728801ff6b1a12baf8802,6338b57c8983138382fa5c9ee7bb2d2c200be44368697f7ffa8216ea26ddccaf,,,custom,0.2,False
REIM (ACT + Detector + Recovery),105,8200147,metaworld,True,57,0.32335849900118774,0,0,0,0,0.13112151622772217,task_success_while_recovery_active_per_intervention,True,False,,deead72ce351f02be0b14fb168a55f190461b18020512ede0efefcfb73c6b0c1,bce931c8f7f4b2ca6d96ac63f5e3bd3c7b1a2d9a694728801ff6b1a12baf8802,0cda21f8ffacf0a1e40e7b0e858a8e2ddc276972106d4bced99d4404b4a13fd8,,,custom,0.2,False
REIM (ACT + Detector + Recovery),106,8200148,metaworld,True,62,0.23149606500010123,1,1,1,32,0.17901334166526794,task_success_while_recovery_active_per_intervention,True,False,,b9489f4d3bdbdc0a7c6274bd92abc1da997b921ab2d20f5392e1437d859bf42d,bce931c8f7f4b2ca6d96ac63f5e3bd3c7b1a2d9a694728801ff6b1a12baf8802,c5023b3d25031a103b9549b6e8c83ba09d69e708ef117c31128a38e03616e5d8,,,custom,0.2,False
REIM (ACT + Detector + Recovery),107,8200149,metaworld,True,53,0.1311282310016395,1,1,1,45,0.39813756942749023,task_success_while_recovery_active_per_intervention,True,False,,f81d14d23085ca897bdc5e542bf7ee400b069e78dc1e914e412828e2e6ac1cac,bce931c8f7f4b2ca6d96ac63f5e3bd3c7b1a2d9a694728801ff6b1a12baf8802,bb2c6b1aed959fa3ddddb1c215ce67cbb5b0ec080eb65fb58e06b7776849a096,,,custom,0.2,False
REIM (ACT + Detector + Recovery),108,8200150,metaworld,True,60,0.1492714790001628,1,1,1,51,0.27669575810432434,task_success_while_recovery_active_per_intervention,True,False,,1ea36acf37f73ab33d761373a2df879a4548e0af97ab17f555310178cf324ed5,bce931c8f7f4b2ca6d96ac63f5e3bd3c7b1a2d9a694728801ff6b1a12baf8802,3183afb500ebb9a5af177cccb5b5889a8321eb35261f8ec571269f8b5ed9cd1a,,,custom,0.2,False
REIM (ACT + Detector + Recovery),109,8200151,metaworld,True,49,0.1675857329973951,1,1,1,29,0.1873096376657486,task_success_while_recovery_active_per_intervention,True,False,,d369e18c1e91b4ae901e82e53d0eaf11891add5ba48ef345c8a23349ee87e5e8,bce931c8f7f4b2ca6d96ac63f5e3bd3c7b1a2d9a694728801ff6b1a12baf8802,2ad5907877cc42b4447b9630988e3a1f0da0d83e1f696f71e22dc69905e631b6,,,custom,0.2,False
REIM (ACT + Detector + Recovery),110,8200152,metaworld,True,54,0.1817465780004568,1,1,1,33,0.18474923074245453,task_success_while_recovery_active_per_intervention,True,False,,edc0bb3dac10fe47904b6f271106c2efac8f7668f029a52e459f4fdc0e784452,bce931c8f7f4b2ca6d96ac63f5e3bd3c7b1a2d9a694728801ff6b1a12baf8802,38329c6b97bbe7d133bf007c22742dca5f0cd7258f8d7199135c6c2371ae591d,,,custom,0.2,False
REIM (ACT + Detector + Recovery),111,8200153,metaworld,False,200,0.5862744459991518,1,0,1,148,0.861230194568634,task_success_while_recovery_active_per_intervention,False,True,object_dropped,2e777820c048ffba2d84d881f47ae2cb64fcc1f31cfca51ede7287090a15ad5f,bce931c8f7f4b2ca6d96ac63f5e3bd3c7b1a2d9a694728801ff6b1a12baf8802,56b7f182edcfeefa9301e1edd53d7f36e4418de7e6df1b54b0f0c298cde1b3cd,,,custom,0.2,False
REIM (ACT + Detector + Recovery),112,8200154,metaworld,True,56,0.31404461300189723,0,0,0,0,0.09639141708612442,task_success_while_recovery_active_per_intervention,True,False,,600279d13e410f191e519399302f937669b570d7062e9217d880ede52a9ff2e9,bce931c8f7f4b2ca6d96ac63f5e3bd3c7b1a2d9a694728801ff6b1a12baf8802,25805a097f1f4b8c203ec3c130dcd3e66b5fb3ad298114a08662aae6c86fa673,,,custom,0.2,False
REIM (ACT + Detector + Recovery),113,8200155,metaworld,True,53,0.13668181899993215,1,1,1,47,0.37414491176605225,task_success_while_recovery_active_per_intervention,True,False,,a34799bed949d7a852b7266d614cd021d1fa32c342440d07e580af5409eb059e,bce931c8f7f4b2ca6d96ac63f5e3bd3c7b1a2d9a694728801ff6b1a12baf8802,35203d16cfa98b5f2e002fcb1ffde2400abf9459c161f6a289efa0c46eddb36f,,,custom,0.2,False
REIM (ACT + Detector + Recovery),114,8200156,metaworld,True,52,0.17589862200111384,1,1,1,38,0.2739739716053009,task_success_while_recovery_active_per_intervention,True,False,,ae5a43953ccc79c9ee75c1383a4063d3f6e24bee6b92dad59c729591a7990b76,bce931c8f7f4b2ca6d96ac63f5e3bd3c7b1a2d9a694728801ff6b1a12baf8802,aa1f17aacdf569c3a2930a2ebbf742ff43f8d3acfc772731a5c344cabcd52570,,,custom,0.2,False
REIM (ACT + Detector + Recovery),115,8200157,metaworld,True,55,0.3277702039995347,0,0,0,0,0.1116231232881546,task_success_while_recovery_active_per_intervention,True,False,,1c99e4100ce636bda66632d4b7b075a1f60f34e77a575facde8ffe8735b73f14,bce931c8f7f4b2ca6d96ac63f5e3bd3c7b1a2d9a694728801ff6b1a12baf8802,742509487aeb71d366f1ddafa1cb12db2f7cfefe17c4ca89c98cffb67c1c8619,,,custom,0.2,False
REIM (ACT + Detector + Recovery),116,8200158,metaworld,True,59,0.32861267600310384,0,0,0,0,0.11361752450466156,task_success_while_recovery_active_per_intervention,True,False,,a6d12c1a2471b2448feec1c273d3e43441e81b85010e0b3ad8ace6a586649cc8,bce931c8f7f4b2ca6d96ac63f5e3bd3c7b1a2d9a694728801ff6b1a12baf8802,06d355d7aff3b944ab4199c02a94c63d062e5c414c0b195f7b232b607e0ab1ed,,,custom,0.2,False
REIM (ACT + Detector + Recovery),117,8200159,metaworld,True,56,0.31180034299904946,0,0,0,0,0.14786019921302795,task_success_while_recovery_active_per_intervention,True,False,,9ad4d6fe64f720b85383033fe66ce01efbceeda5c411ffc191f88f16cb8cc601,bce931c8f7f4b2ca6d96ac63f5e3bd3c7b1a2d9a694728801ff6b1a12baf8802,4e97203f8ce1a96cef19545d4c4c300d0de39e4f94bd1941cef7ebc3dd48be02,,,custom,0.2,False
REIM (ACT + Detector + Recovery),118,8200160,metaworld,True,52,0.29752047500005574,0,0,0,0,0.15301720798015594,task_success_while_recovery_active_per_intervention,True,False,,cdbcdd2c79c1fe13d2ffaf040a8716148b4950e1766dc440736a16e3b4b16d16,bce931c8f7f4b2ca6d96ac63f5e3bd3c7b1a2d9a694728801ff6b1a12baf8802,15a9adece7ebea14bdf37f5376e274c6dce4711281025cf35060933ba9ab8ad3,,,custom,0.2,False
REIM (ACT + Detector + Recovery),119,8200161,metaworld,True,53,0.1875231710000662,1,1,1,31,0.18892395496368408,task_success_while_recovery_active_per_intervention,True,False,,3b500580929d886d8b10ca86c56d4af6d9295f646e683835934fc062e83a4b95,bce931c8f7f4b2ca6d96ac63f5e3bd3c7b1a2d9a694728801ff6b1a12baf8802,f82ceac6f8787ac22c378edc1f141cedcc86bf9309b43f1aff6633ae0a963abb,,,custom,0.2,False
REIM (ACT + Detector + Recovery),120,8200162,metaworld,True,58,0.15318896000098903,1,1,1,50,0.3770482838153839,task_success_while_recovery_active_per_intervention,True,False,,8cd98a9086a3d6ac0cf950832a2039bba00ce87c1de9a9e3e4015f3c44bf32ce,bce931c8f7f4b2ca6d96ac63f5e3bd3c7b1a2d9a694728801ff6b1a12baf8802,524e161a612d94c222d06154bcd0129d0851b8fad51ae883abbef6e86d43cbb0,,,custom,0.2,False
REIM (ACT + Detector + Recovery),121,8200163,metaworld,True,54,0.1686813529995561,1,1,1,38,0.2353857010602951,task_success_while_recovery_active_per_intervention,True,False,,414b1bcf3cf8c28fa00dd1c1a5680a73a901a07ce9d87e0989551af85e4b91be,bce931c8f7f4b2ca6d96ac63f5e3bd3c7b1a2d9a694728801ff6b1a12baf8802,2eb279a724955c1a9d173681940490ec9cc8ed4fdc15a95533884a23d4ccdb4e,,,custom,0.2,False
REIM (ACT + Detector + Recovery),122,8200164,metaworld,True,59,0.18284587599919178,1,1,1,40,0.3367288410663605,task_success_while_recovery_active_per_intervention,True,False,,177ebb00d92f1f814266b3cfc57725c75316d652285fadab558e564d53d84504,bce931c8f7f4b2ca6d96ac63f5e3bd3c7b1a2d9a694728801ff6b1a12baf8802,942fb6a87dc1e3eb7bf7bb111c97e7096138256b4a9a6b4c62a012fabe8bec38,,,custom,0.2,False
REIM (ACT + Detector + Recovery),123,8200165,metaworld,True,50,0.17337208000026294,1,1,1,29,0.19997110962867737,task_success_while_recovery_active_per_intervention,True,False,,4ca05c1f142e748f321fef07b09320fbe92e99813e578e1c41cca3e81773de9b,bce931c8f7f4b2ca6d96ac63f5e3bd3c7b1a2d9a694728801ff6b1a12baf8802,cea0b9105255f82e0ee99bfb3998a6edce02b446d4b14afb0747282cd18aa202,,,custom,0.2,False
REIM (ACT + Detector + Recovery),124,8200166,metaworld,True,60,0.17248679099793662,1,1,1,46,0.3037373423576355,task_success_while_recovery_active_per_intervention,True,False,,95057e7c1950bf224fdd8781804580846e5bb24a4a12f54c3bd41956ed61c29a,bce931c8f7f4b2ca6d96ac63f5e3bd3c7b1a2d9a694728801ff6b1a12baf8802,f6a9ed9055e00c868d6771022c2c557a6a48990bdacbed585d07cde857d4755a,,,custom,0.2,False
REIM (ACT + Detector + Recovery),125,8200167,metaworld,True,54,0.2986380870024732,0,0,0,0,0.1740124672651291,task_success_while_recovery_active_per_intervention,True,False,,43c6614c27ad74075f289a4fc1e4e92dd6b8ad4ade304f7af8c97142ffca2b7b,bce931c8f7f4b2ca6d96ac63f5e3bd3c7b1a2d9a694728801ff6b1a12baf8802,64ee837add19202e84553431fdab118462cf5265eeae19a4d044b5a6818f771d,,,custom,0.2,False
REIM (ACT + Detector + Recovery),126,8200168,metaworld,True,52,0.16045635500267963,1,1,1,36,0.20384392142295837,task_success_while_recovery_active_per_intervention,True,False,,b8828d5d976fa6619f3a0f37178e801a0eeff557682dadf61b1474ccbdb57544,bce931c8f7f4b2ca6d96ac63f5e3bd3c7b1a2d9a694728801ff6b1a12baf8802,5e1df472084de78052388a34f03cad3de438ca9b5dc801b5759dd57c66a7482a,,,custom,0.2,False
REIM (ACT + Detector + Recovery),127,8200169,metaworld,True,51,0.16293445699920994,1,1,1,33,0.19459612667560577,task_success_while_recovery_active_per_intervention,True,False,,ad50742542560891e444f155df6499750150262b4cc05f189a9ea5a29426bc1a,bce931c8f7f4b2ca6d96ac63f5e3bd3c7b1a2d9a694728801ff6b1a12baf8802,08a97a6dfa17f78b5cc5b1351d60038e4a40a68fc93722672482714333b1d9b5,,,custom,0.2,False
REIM (ACT + Detector + Recovery),128,8200170,metaworld,True,63,0.34613967199766194,0,0,0,0,0.15373295545578003,task_success_while_recovery_active_per_intervention,True,False,,50eb53cefee23260a7a2ce4ce78c0507a253286c363b5c27b0bf472b5491bafc,bce931c8f7f4b2ca6d96ac63f5e3bd3c7b1a2d9a694728801ff6b1a12baf8802,1c856fdcb5da12c3fa2d15b38741aa980fa3a47e64fb99f8635817590128f9ea,,,custom,0.2,False
REIM (ACT + Detector + Recovery),129,8200171,metaworld,False,200,0.5541858289980155,1,0,1,150,0.9745168685913086,task_success_while_recovery_active_per_intervention,False,True,object_dropped,d776ac86822f22d5a48466d17490560f5d9906d777df68768b5042580991367d,bce931c8f7f4b2ca6d96ac63f5e3bd3c7b1a2d9a694728801ff6b1a12baf8802,15a9adece7ebea14bdf37f5376e274c6dce4711281025cf35060933ba9ab8ad3,,,custom,0.2,False
REIM (ACT + Detector + Recovery),130,8200172,metaworld,True,50,0.13968571199802682,1,1,1,38,0.2705514430999756,task_success_while_recovery_active_per_intervention,True,False,,db5e512edb188ea29308191b04ea9a92a3d3f63f0863e850853c1d65309f8299,bce931c8f7f4b2ca6d96ac63f5e3bd3c7b1a2d9a694728801ff6b1a12baf8802,c40fedd273cade53989af8adc3ca66d02f2d92ca4d97b2f6391a0dd0ab6dbca3,,,custom,0.2,False
REIM (ACT + Detector + Recovery),131,8200173,metaworld,True,63,0.14970057399841608,1,1,1,56,0.3236982822418213,task_success_while_recovery_active_per_intervention,True,False,,45be87fece44aee613f9974f81767cad468d9e8e55a9682bdf97f91f9d266e5a,bce931c8f7f4b2ca6d96ac63f5e3bd3c7b1a2d9a694728801ff6b1a12baf8802,e216352c7f1c7392270c7c501bb599f2a46f420613a124fda0729ab88160cdf2,,,custom,0.2,False
REIM (ACT + Detector + Recovery),132,8200174,metaworld,True,58,0.13909124999918276,1,1,1,50,0.5507069230079651,task_success_while_recovery_active_per_intervention,True,False,,e30e797f669aba02419e9e89c743df53ec75427d26966a2885fa844c68e02d3e,bce931c8f7f4b2ca6d96ac63f5e3bd3c7b1a2d9a694728801ff6b1a12baf8802,ba19e0623fe05add91e00811bacb33e27305f5fcb6549be6f6278ebce6046101,,,custom,0.2,False
REIM (ACT + Detector + Recovery),133,8200175,metaworld,True,61,0.1438234269990062,1,1,1,53,0.313310444355011,task_success_while_recovery_active_per_intervention,True,False,,d0c324ad9a61026e76c9ba1d7f872ad277407d93264e16d0b50fc4fba6a00c2b,bce931c8f7f4b2ca6d96ac63f5e3bd3c7b1a2d9a694728801ff6b1a12baf8802,39001749c902e2ab9d015efb8c7644faffff99810b709d3203dc359d5eacdcbd,,,custom,0.2,False
REIM (ACT + Detector + Recovery),134,8200176,metaworld,True,55,0.1358096369986015,1,1,1,46,0.32358798384666443,task_success_while_recovery_active_per_intervention,True,False,,5c3f9e47ff2b9b3fb3121d77320066761030417f8d8a4d75439f572580f1b9e2,bce931c8f7f4b2ca6d96ac63f5e3bd3c7b1a2d9a694728801ff6b1a12baf8802,71488b32995fa40c6ec3f77f6bcd912b1929aef29d90a66307ad46cd584acf29,,,custom,0.2,False
REIM (ACT + Detector + Recovery),135,8200177,metaworld,True,61,0.32882759900167,0,0,0,0,0.16021959483623505,task_success_while_recovery_active_per_intervention,True,False,,07140885b8b4ecd78d605a566a88e1a614214d9f5d9cde4b71f26e93e7eafa51,bce931c8f7f4b2ca6d96ac63f5e3bd3c7b1a2d9a694728801ff6b1a12baf8802,a8cfe6e2276fbd15230c5555255b87d17333bdd29f84f687df7405d0311fae7f,,,custom,0.2,False
REIM (ACT + Detector + Recovery),136,8200178,metaworld,True,51,0.13409887200032244,1,1,1,40,0.2476622611284256,task_success_while_recovery_active_per_intervention,True,False,,7e56b414da5512712a000a14ea5c2bf840d34ef61589b90d01c43a3fa586abc2,bce931c8f7f4b2ca6d96ac63f5e3bd3c7b1a2d9a694728801ff6b1a12baf8802,35aa26efb4a8651c1d8f46a573d3d4fea76add87b5c76a00531e1cea9ad04412,,,custom,0.2,False
REIM (ACT + Detector + Recovery),137,8200179,metaworld,False,200,0.5490695230000711,1,0,1,150,0.9954889416694641,task_success_while_recovery_active_per_intervention,False,True,object_dropped,1843e1ad469fd664033258426fe0899825fc0f9dd587228322159af0b6b4193a,bce931c8f7f4b2ca6d96ac63f5e3bd3c7b1a2d9a694728801ff6b1a12baf8802,25805a097f1f4b8c203ec3c130dcd3e66b5fb3ad298114a08662aae6c86fa673,,,custom,0.2,False
REIM (ACT + Detector + Recovery),138,8200180,metaworld,True,54,0.27993156800221186,0,0,0,0,0.10621774196624756,task_success_while_recovery_active_per_intervention,True,False,,5183182c09afceff621dece046bb82ed679938257e7aa0c9d2afa9c35d2a9a53,bce931c8f7f4b2ca6d96ac63f5e3bd3c7b1a2d9a694728801ff6b1a12baf8802,742509487aeb71d366f1ddafa1cb12db2f7cfefe17c4ca89c98cffb67c1c8619,,,custom,0.2,False
REIM (ACT + Detector + Recovery),139,8200181,metaworld,True,58,0.2458078679992468,1,1,1,27,0.18002741038799286,task_success_while_recovery_active_per_intervention,True,False,,4975c543327803dd97e4bec8996ca00e682aef6bdc4821275eb0d07972f6bbeb,bce931c8f7f4b2ca6d96ac63f5e3bd3c7b1a2d9a694728801ff6b1a12baf8802,39001749c902e2ab9d015efb8c7644faffff99810b709d3203dc359d5eacdcbd,,,custom,0.2,False
REIM (ACT + Detector + Recovery),140,8200182,metaworld,True,49,0.15894917600235203,1,1,1,40,0.3109108805656433,task_success_while_recovery_active_per_intervention,True,False,,7873591f04fb79fa82eb04dff27bff69b74583e21af5e7900d32462516197040,bce931c8f7f4b2ca6d96ac63f5e3bd3c7b1a2d9a694728801ff6b1a12baf8802,20cf3cfee33051ea4ca25b64648f05450b0068ae0136ae52c3108d28b02f3691,,,custom,0.2,False
REIM (ACT + Detector + Recovery),141,8200183,metaworld,True,58,0.33659438300310285,1,1,1,52,0.6145865321159363,task_success_while_recovery_active_per_intervention,True,False,,827fc894c7b3c20f826e00ceb2b1f254a760fc778a5c52e1b78b72c8946cf983,bce931c8f7f4b2ca6d96ac63f5e3bd3c7b1a2d9a694728801ff6b1a12baf8802,bb2c6b1aed959fa3ddddb1c215ce67cbb5b0ec080eb65fb58e06b7776849a096,,,custom,0.2,False
REIM (ACT + Detector + Recovery),142,8200184,metaworld,True,54,0.21364273699873593,1,1,1,37,0.205340176820755,task_success_while_recovery_active_per_intervention,True,False,,2f7f8909286c9d92f33a28256bb463c9a36d95823b5c67f540e713b1724697c0,bce931c8f7f4b2ca6d96ac63f5e3bd3c7b1a2d9a694728801ff6b1a12baf8802,0f719f94ef165c0b816b8b10c3f4f5fcf802c9f5a25141035590310315749280,,,custom,0.2,False
REIM (ACT + Detector + Recovery),143,8200185,metaworld,True,62,0.19346901099925162,1,1,1,49,0.1851564347743988,task_success_while_recovery_active_per_intervention,True,False,,24155d4674cc4a8227cdc6360fd32eab418e2fb9f36857895fe87550fab7e48a,bce931c8f7f4b2ca6d96ac63f5e3bd3c7b1a2d9a694728801ff6b1a12baf8802,06d355d7aff3b944ab4199c02a94c63d062e5c414c0b195f7b232b607e0ab1ed,,,custom,0.2,False
REIM (ACT + Detector + Recovery),144,8200186,metaworld,True,52,0.19168959699891275,1,1,1,31,0.19876143336296082,task_success_while_recovery_active_per_intervention,True,False,,6126a2860d72d5c97971f4a1c91ef5b836eb49e4352e0ea851f6929da91a29b0,bce931c8f7f4b2ca6d96ac63f5e3bd3c7b1a2d9a694728801ff6b1a12baf8802,2ad5907877cc42b4447b9630988e3a1f0da0d83e1f696f71e22dc69905e631b6,,,custom,0.2,False
REIM (ACT + Detector + Recovery),145,8200187,metaworld,True,52,0.17356535799990525,1,1,1,35,0.22373300790786743,task_success_while_recovery_active_per_intervention,True,False,,977652a931c2b71001a7bb22f9af48d8a67ab14036c14f31b50bd7c4c940518d,bce931c8f7f4b2ca6d96ac63f5e3bd3c7b1a2d9a694728801ff6b1a12baf8802,2ad5907877cc42b4447b9630988e3a1f0da0d83e1f696f71e22dc69905e631b6,,,custom,0.2,False
REIM (ACT + Detector + Recovery),146,8200188,metaworld,True,56,0.15665668899964658,1,1,1,49,0.5622929930686951,task_success_while_recovery_active_per_intervention,True,False,,a9f60e518fcb8fbe0ad478298f47b3a99046da29d8140c99eb964760a85d2586,bce931c8f7f4b2ca6d96ac63f5e3bd3c7b1a2d9a694728801ff6b1a12baf8802,35aa26efb4a8651c1d8f46a573d3d4fea76add87b5c76a00531e1cea9ad04412,,,custom,0.2,False
REIM (ACT + Detector + Recovery),147,8200189,metaworld,True,53,0.21151521000138018,1,1,1,39,0.2119014710187912,task_success_while_recovery_active_per_intervention,True,False,,c89f744d0ab4f03b169775bd366869b392d0e4055a273dbe5e7bf45f6b38864a,bce931c8f7f4b2ca6d96ac63f5e3bd3c7b1a2d9a694728801ff6b1a12baf8802,5e1df472084de78052388a34f03cad3de438ca9b5dc801b5759dd57c66a7482a,,,custom,0.2,False
REIM (ACT + Detector + Recovery),148,8200190,metaworld,True,54,0.22090995100006694,1,1,1,46,0.3143985867500305,task_success_while_recovery_active_per_intervention,True,False,,c8b4c195f8acdca81d3d66cd82a6ab8be01e4de83a8f7721b5d7dec4bb3d236d,bce931c8f7f4b2ca6d96ac63f5e3bd3c7b1a2d9a694728801ff6b1a12baf8802,c40fedd273cade53989af8adc3ca66d02f2d92ca4d97b2f6391a0dd0ab6dbca3,,,custom,0.2,False
REIM (ACT + Detector + Recovery),149,8200191,metaworld,True,51,0.1839258689979033,1,1,1,31,0.2390008270740509,task_success_while_recovery_active_per_intervention,True,False,,034847b80bb22e4959aaa830686b1f15053f1b0bc228a49f85490a9381422969,bce931c8f7f4b2ca6d96ac63f5e3bd3c7b1a2d9a694728801ff6b1a12baf8802,08a97a6dfa17f78b5cc5b1351d60038e4a40a68fc93722672482714333b1d9b5,,,custom,0.2,False
REIM (ACT + Detector + Recovery),150,8200192,metaworld,True,55,0.16964676499992493,1,1,1,41,0.25780996680259705,task_success_while_recovery_active_per_intervention,True,False,,05b4beaa510c93289bb0762f4819a773ea9c8b06b18d63f076a3d279e326b674,bce931c8f7f4b2ca6d96ac63f5e3bd3c7b1a2d9a694728801ff6b1a12baf8802,2eb279a724955c1a9d173681940490ec9cc8ed4fdc15a95533884a23d4ccdb4e,,,custom,0.2,False
REIM (ACT + Detector + Recovery),151,8200193,metaworld,True,57,0.17210601799888536,1,1,1,44,0.2569853961467743,task_success_while_recovery_active_per_intervention,True,False,,397f6d19404567cec8857edeca35d36dc2c19d149dad9237a12d7b5ae06c9e95,bce931c8f7f4b2ca6d96ac63f5e3bd3c7b1a2d9a694728801ff6b1a12baf8802,942fb6a87dc1e3eb7bf7bb111c97e7096138256b4a9a6b4c62a012fabe8bec38,,,custom,0.2,False
REIM (ACT + Detector + Recovery),152,8200194,metaworld,True,56,0.3472687229987059,0,0,0,0,0.13983555138111115,task_success_while_recovery_active_per_intervention,True,False,,08e95b72c97d352cfd32b0aac4da77458c35c31499877505555caff64e617df6,bce931c8f7f4b2ca6d96ac63f5e3bd3c7b1a2d9a694728801ff6b1a12baf8802,0cda21f8ffacf0a1e40e7b0e858a8e2ddc276972106d4bced99d4404b4a13fd8,,,custom,0.2,False
REIM (ACT + Detector + Recovery),153,8200195,metaworld,True,70,0.23715173399978084,1,1,1,58,0.2351372241973877,task_success_while_recovery_active_per_intervention,True,False,,6d64526bb6a9c68c5e5508c2249fad9155602bb353f5cb58acdcc1abb953be41,bce931c8f7f4b2ca6d96ac63f5e3bd3c7b1a2d9a694728801ff6b1a12baf8802,3183afb500ebb9a5af177cccb5b5889a8321eb35261f8ec571269f8b5ed9cd1a,,,custom,0.2,False
REIM (ACT + Detector + Recovery),154,8200196,metaworld,True,62,0.16361430899996776,1,1,1,53,0.28527674078941345,task_success_while_recovery_active_per_intervention,True,False,,85592b6f542411dd7933d4f36563b00d81d3ff4d21f176acbe0c46c5780c6e3c,bce931c8f7f4b2ca6d96ac63f5e3bd3c7b1a2d9a694728801ff6b1a12baf8802,06d355d7aff3b944ab4199c02a94c63d062e5c414c0b195f7b232b607e0ab1ed,,,custom,0.2,False
REIM (ACT + Detector + Recovery),155,8200197,metaworld,True,54,0.145812290997128,1,1,1,45,0.3024180829524994,task_success_while_recovery_active_per_intervention,True,False,,60237d66ca5a1a7cf767d8138c81ab334986789d32b9e5aca5429bba4ae41731,bce931c8f7f4b2ca6d96ac63f5e3bd3c7b1a2d9a694728801ff6b1a12baf8802,71488b32995fa40c6ec3f77f6bcd912b1929aef29d90a66307ad46cd584acf29,,,custom,0.2,False
REIM (ACT + Detector + Recovery),156,8200198,metaworld,True,63,0.20326072399984696,1,1,1,44,0.20490577816963196,task_success_while_recovery_active_per_intervention,True,False,,d60d3fdfbe1d8197c222971aa098d70cfd65add45d49418c68ca9c8659f6c745,bce931c8f7f4b2ca6d96ac63f5e3bd3c7b1a2d9a694728801ff6b1a12baf8802,c5023b3d25031a103b9549b6e8c83ba09d69e708ef117c31128a38e03616e5d8,,,custom,0.2,False
REIM (ACT + Detector + Recovery),157,8200199,metaworld,True,50,0.18397444799848017,1,1,1,29,0.19982536137104034,task_success_while_recovery_active_per_intervention,True,False,,ebd301ac3d327561c10fe066052c7e11411cc6ba1e758a3a15feccf2e3c81978,bce931c8f7f4b2ca6d96ac63f5e3bd3c7b1a2d9a694728801ff6b1a12baf8802,08a97a6dfa17f78b5cc5b1351d60038e4a40a68fc93722672482714333b1d9b5,,,custom,0.2,False
REIM (ACT + Detector + Recovery),158,8200200,metaworld,True,59,0.36477810200085514,0,0,0,0,0.11945432424545288,task_success_while_recovery_active_per_intervention,True,False,,be00484404ddb180f87d9f9649ff17ce1bb23149c79efafd933483b8f66c917e,bce931c8f7f4b2ca6d96ac63f5e3bd3c7b1a2d9a694728801ff6b1a12baf8802,5732f26a5a3acd61cb38107328c80d8fadad8368570aba69b803668406e8f53d,,,custom,0.2,False
REIM (ACT + Detector + Recovery),159,8200201,metaworld,True,58,0.16731256500133895,1,1,1,46,0.3379834294319153,task_success_while_recovery_active_per_intervention,True,False,,c468981883db9dbb684fb2cd3ded0abeab04e7aceb6c4bc10734f0a4aea1f3aa,bce931c8f7f4b2ca6d96ac63f5e3bd3c7b1a2d9a694728801ff6b1a12baf8802,8a99d46d6d04afe3e2ef92bb607dde5e178b5c37506006c4f364e345976453b1,,,custom,0.2,False
REIM (ACT + Detector + Recovery),160,8200202,metaworld,True,57,0.2094214999997348,1,1,1,34,0.1794421523809433,task_success_while_recovery_active_per_intervention,True,False,,fb66ce46444e9f2a8fca02eac4272fde920b14bf1ca277feea67e26092558a8b,bce931c8f7f4b2ca6d96ac63f5e3bd3c7b1a2d9a694728801ff6b1a12baf8802,6cb8d983459a8e57d4ae53a86da2394015cabba2d7c306dcaf7b14af979ca230,,,custom,0.2,False
REIM (ACT + Detector + Recovery),161,8200203,metaworld,True,61,0.17660715300007723,1,1,1,50,0.24440303444862366,task_success_while_recovery_active_per_intervention,True,False,,11985dbf263382fbf7629c323f280058bbb00b577b5c20f75f4b5546a3f8ea40,bce931c8f7f4b2ca6d96ac63f5e3bd3c7b1a2d9a694728801ff6b1a12baf8802,b8e45a2f8f553d53c6eef0305347f910b9999bcae6df6ccaf0eaee6ac864e670,,,custom,0.2,False
REIM (ACT + Detector + Recovery),162,8200204,metaworld,True,51,0.18930140899828984,1,1,1,30,0.1761968582868576,task_success_while_recovery_active_per_intervention,True,False,,1bed3eb0e510798be927d0349558f244e4f260456f7e7c09c011023f934c73a5,bce931c8f7f4b2ca6d96ac63f5e3bd3c7b1a2d9a694728801ff6b1a12baf8802,5e1df472084de78052388a34f03cad3de438ca9b5dc801b5759dd57c66a7482a,,,custom,0.2,False
REIM (ACT + Detector + Recovery),163,8200205,metaworld,True,59,0.18495666300077573,1,1,1,44,0.20508161187171936,task_success_while_recovery_active_per_intervention,True,False,,5b3f6c147fde27f92ae70e67e2439336ea7b675d9284a2043c3e054e58af83da,bce931c8f7f4b2ca6d96ac63f5e3bd3c7b1a2d9a694728801ff6b1a12baf8802,6cb8d983459a8e57d4ae53a86da2394015cabba2d7c306dcaf7b14af979ca230,,,custom,0.2,False
REIM (ACT + Detector + Recovery),164,8200206,metaworld,True,49,0.1335869750000711,1,1,1,41,0.42737942934036255,task_success_while_recovery_active_per_intervention,True,False,,fd1db5bbcd343fa8a3fc88a0b649a3a2f729315755579a98ca2d963f7ed5bc24,bce931c8f7f4b2ca6d96ac63f5e3bd3c7b1a2d9a694728801ff6b1a12baf8802,20cf3cfee33051ea4ca25b64648f05450b0068ae0136ae52c3108d28b02f3691,,,custom,0.2,False
REIM (ACT + Detector + Recovery),165,8200207,metaworld,True,55,0.14426014800119447,1,1,1,47,0.42310652136802673,task_success_while_recovery_active_per_intervention,True,False,,02b504b47da2302cc0148e38d869140566ffdc0c21777a67e2c353316cd345bf,bce931c8f7f4b2ca6d96ac63f5e3bd3c7b1a2d9a694728801ff6b1a12baf8802,35aa26efb4a8651c1d8f46a573d3d4fea76add87b5c76a00531e1cea9ad04412,,,custom,0.2,False
REIM (ACT + Detector + Recovery),166,8200208,metaworld,True,58,0.36041903300065314,0,0,0,0,0.1440514326095581,task_success_while_recovery_active_per_intervention,True,False,,636a3b29a0464bc45b06ca9b3d5c6defaaa4439baec64138f761eeb2449bdf13,bce931c8f7f4b2ca6d96ac63f5e3bd3c7b1a2d9a694728801ff6b1a12baf8802,a0b103bf3e43f4aa92753185301eba5e2e31594285004b99f51a59b33bd2d620,,,custom,0.2,False
REIM (ACT + Detector + Recovery),167,8200209,metaworld,True,64,0.16630758700193837,1,1,1,56,0.22823327779769897,task_success_while_recovery_active_per_intervention,True,False,,4e5a3ef6a97d743d06047d6006aac223404ac6f73082a48bc83ebe8254c8d6b8,bce931c8f7f4b2ca6d96ac63f5e3bd3c7b1a2d9a694728801ff6b1a12baf8802,e216352c7f1c7392270c7c501bb599f2a46f420613a124fda0729ab88160cdf2,,,custom,0.2,False
REIM (ACT + Detector + Recovery),168,8200210,metaworld,True,51,0.1883376309997402,1,1,1,35,0.18826259672641754,task_success_while_recovery_active_per_intervention,True,False,,760c3900cde8f0ba7be718dfeaf0feff6fb4e4f4c7f1e7bbc22e3d33cae0404f,bce931c8f7f4b2ca6d96ac63f5e3bd3c7b1a2d9a694728801ff6b1a12baf8802,08a97a6dfa17f78b5cc5b1351d60038e4a40a68fc93722672482714333b1d9b5,,,custom,0.2,False
REIM (ACT + Detector + Recovery),169,8200211,metaworld,True,55,0.15178700400065281,1,1,1,46,0.3626021444797516,task_success_while_recovery_active_per_intervention,True,False,,06db9a70e45bb4b53bc3d0abbc4dbf93e5fb8432ce0a0307029e3648198121dd,bce931c8f7f4b2ca6d96ac63f5e3bd3c7b1a2d9a694728801ff6b1a12baf8802,0f719f94ef165c0b816b8b10c3f4f5fcf802c9f5a25141035590310315749280,,,custom,0.2,False
REIM (ACT + Detector + Recovery),170,8200212,metaworld,False,200,0.6524785439978587,1,0,1,150,0.9979523420333862,task_success_while_recovery_active_per_intervention,False,True,timeout,5115ef391891872aa30b11494869219931a71e0876a478920107722c3b875989,bce931c8f7f4b2ca6d96ac63f5e3bd3c7b1a2d9a694728801ff6b1a12baf8802,2eb279a724955c1a9d173681940490ec9cc8ed4fdc15a95533884a23d4ccdb4e,,,custom,0.2,False
REIM (ACT + Detector + Recovery),171,8200213,metaworld,True,60,0.38178648900066037,1,1,1,43,0.18815189599990845,task_success_while_recovery_active_per_intervention,True,False,,69bb2442be127da7e577c933eb599db03c1bb52f83dc7cd80f61e1eec532c88f,bce931c8f7f4b2ca6d96ac63f5e3bd3c7b1a2d9a694728801ff6b1a12baf8802,f6a9ed9055e00c868d6771022c2c557a6a48990bdacbed585d07cde857d4755a,,,custom,0.2,False
REIM (ACT + Detector + Recovery),172,8200214,metaworld,True,56,0.7380379370006267,0,0,0,0,0.12645600736141205,task_success_while_recovery_active_per_intervention,True,False,,7abe646e797fd58280a1979788d101badc6d22231e193d4eda7aae6bb50741fa,bce931c8f7f4b2ca6d96ac63f5e3bd3c7b1a2d9a694728801ff6b1a12baf8802,48ce9609a38b32e56f7e6a43ffef71c21c8b1d17ed5a63d47701bc1dfc3ff271,,,custom,0.2,False
REIM (ACT + Detector + Recovery),173,8200215,metaworld,True,58,0.5603323669965903,0,0,0,0,0.15687298774719238,task_success_while_recovery_active_per_intervention,True,False,,fadf1af582931fe3c25e8c6f42584685699aa4142dce18ce290c959c7aa35ea5,bce931c8f7f4b2ca6d96ac63f5e3bd3c7b1a2d9a694728801ff6b1a12baf8802,c5023b3d25031a103b9549b6e8c83ba09d69e708ef117c31128a38e03616e5d8,,,custom,0.2,False
REIM (ACT + Detector + Recovery),174,8200216,metaworld,True,48,0.2889831909997156,0,0,0,0,0.13230346143245697,task_success_while_recovery_active_per_intervention,True,False,,dd00e62eeedea28eb1a93b7ee499722a6709adc6b8054d010e6cf444463f83f3,bce931c8f7f4b2ca6d96ac63f5e3bd3c7b1a2d9a694728801ff6b1a12baf8802,5d73f28d4d24cdbcb36a5e5cd61ec1a82f7287ce56d88da8cea912ed757b164c,,,custom,0.2,False
REIM (ACT + Detector + Recovery),175,8200217,metaworld,True,56,0.3411034650016518,0,0,0,0,0.12399454414844513,task_success_while_recovery_active_per_intervention,True,False,,13896ea660c6d9fb53bc16f7a3d1e351db2a15a2da7f588f2388aa7d978dba37,bce931c8f7f4b2ca6d96ac63f5e3bd3c7b1a2d9a694728801ff6b1a12baf8802,0cda21f8ffacf0a1e40e7b0e858a8e2ddc276972106d4bced99d4404b4a13fd8,,,custom,0.2,False
REIM (ACT + Detector + Recovery),176,8200218,metaworld,True,63,0.15971776299920748,1,1,1,55,0.28102993965148926,task_success_while_recovery_active_per_intervention,True,False,,92930a968eed0e0cddaabdf7b0dc2a135595ab988ac8d2e565429f013ee61d46,bce931c8f7f4b2ca6d96ac63f5e3bd3c7b1a2d9a694728801ff6b1a12baf8802,742509487aeb71d366f1ddafa1cb12db2f7cfefe17c4ca89c98cffb67c1c8619,,,custom,0.2,False
REIM (ACT + Detector + Recovery),177,8200219,metaworld,True,51,0.31381676900127786,0,0,0,0,0.1735738068819046,task_success_while_recovery_active_per_intervention,True,False,,cc80333f8b699a9474bfa657a251e24f7e69fb8c0957a9743dda7143fa6fb2a2,bce931c8f7f4b2ca6d96ac63f5e3bd3c7b1a2d9a694728801ff6b1a12baf8802,c40fedd273cade53989af8adc3ca66d02f2d92ca4d97b2f6391a0dd0ab6dbca3,,,custom,0.2,False
REIM (ACT + Detector + Recovery),178,8200220,metaworld,True,50,0.1406704159999208,1,1,1,41,0.3163813054561615,task_success_while_recovery_active_per_intervention,True,False,,050ecaeb61cf67662fe09a97af534a2252fa83cc12f2f011c8dd365b49b7c921,bce931c8f7f4b2ca6d96ac63f5e3bd3c7b1a2d9a694728801ff6b1a12baf8802,20cf3cfee33051ea4ca25b64648f05450b0068ae0136ae52c3108d28b02f3691,,,custom,0.2,False
REIM (ACT + Detector + Recovery),179,8200221,metaworld,True,59,0.37431219900099677,0,0,0,0,0.17428381741046906,task_success_while_recovery_active_per_intervention,True,False,,d6140e57c6bce79cb8426be8ddf6470f6e2d401ff37cf3fac27d2abb0a3cb7f5,bce931c8f7f4b2ca6d96ac63f5e3bd3c7b1a2d9a694728801ff6b1a12baf8802,1c856fdcb5da12c3fa2d15b38741aa980fa3a47e64fb99f8635817590128f9ea,,,custom,0.2,False
REIM (ACT + Detector + Recovery),180,8200222,metaworld,True,61,0.16345964900028775,1,1,1,53,0.3059748113155365,task_success_while_recovery_active_per_intervention,True,False,,0eff9c951c5a42f7e6052e7591c7bd1a910231e2a608131d1e4462df2d2e9ff7,bce931c8f7f4b2ca6d96ac63f5e3bd3c7b1a2d9a694728801ff6b1a12baf8802,39001749c902e2ab9d015efb8c7644faffff99810b709d3203dc359d5eacdcbd,,,custom,0.2,False
REIM (ACT + Detector + Recovery),181,8200223,metaworld,False,200,0.6713954910010216,1,0,1,137,0.9978834986686707,task_success_while_recovery_active_per_intervention,False,True,timeout,7d58a2d417a1aa4358882dd2c8c02fa57d0449e492781717763125e93d8cb8d7,bce931c8f7f4b2ca6d96ac63f5e3bd3c7b1a2d9a694728801ff6b1a12baf8802,0cda21f8ffacf0a1e40e7b0e858a8e2ddc276972106d4bced99d4404b4a13fd8,,,custom,0.2,False
REIM (ACT + Detector + Recovery),182,8200224,metaworld,True,58,0.348200929001905,0,0,0,0,0.15872740745544434,task_success_while_recovery_active_per_intervention,True,False,,1f659597e079aa037fe5fdbc1e9b004728940948554497bb480a7e87c37ea774,bce931c8f7f4b2ca6d96ac63f5e3bd3c7b1a2d9a694728801ff6b1a12baf8802,06d355d7aff3b944ab4199c02a94c63d062e5c414c0b195f7b232b607e0ab1ed,,,custom,0.2,False
REIM (ACT + Detector + Recovery),183,8200225,metaworld,True,55,0.33117343399862875,0,0,0,0,0.15575011074543,task_success_while_recovery_active_per_intervention,True,False,,38336530c389839327bd04ac5a66de3358e683beeac8cb263264fa74b7efd51d,bce931c8f7f4b2ca6d96ac63f5e3bd3c7b1a2d9a694728801ff6b1a12baf8802,38329c6b97bbe7d133bf007c22742dca5f0cd7258f8d7199135c6c2371ae591d,,,custom,0.2,False
REIM (ACT + Detector + Recovery),184,8200226,metaworld,True,50,0.18385022600341472,1,1,1,28,0.2072933167219162,task_success_while_recovery_active_per_intervention,True,False,,e46a02360e875ddeff155c76e2da9d3cb30cc4e9a4afd06d66b64d419e8b7ce2,bce931c8f7f4b2ca6d96ac63f5e3bd3c7b1a2d9a694728801ff6b1a12baf8802,08a97a6dfa17f78b5cc5b1351d60038e4a40a68fc93722672482714333b1d9b5,,,custom,0.2,False
REIM (ACT + Detector + Recovery),185,8200227,metaworld,True,56,0.1481733840009838,1,1,1,46,0.23009024560451508,task_success_while_recovery_active_per_intervention,True,False,,ebc766b664e2b4dfecde0a4f9e94355a07fe27a9e9c19bb95f04906285a484bb,bce931c8f7f4b2ca6d96ac63f5e3bd3c7b1a2d9a694728801ff6b1a12baf8802,0f719f94ef165c0b816b8b10c3f4f5fcf802c9f5a25141035590310315749280,,,custom,0.2,False
REIM (ACT + Detector + Recovery),186,8200228,metaworld,True,49,0.13119206699775532,1,1,1,40,0.30236223340034485,task_success_while_recovery_active_per_intervention,True,False,,3cfefd6bf22c4314a4c12e9e67394496b6fb9cfc5ac723c99612b97f0a7d32e5,bce931c8f7f4b2ca6d96ac63f5e3bd3c7b1a2d9a694728801ff6b1a12baf8802,20cf3cfee33051ea4ca25b64648f05450b0068ae0136ae52c3108d28b02f3691,,,custom,0.2,False
REIM (ACT + Detector + Recovery),187,8200229,metaworld,True,53,0.3085969189996831,0,0,0,0,0.14736081659793854,task_success_while_recovery_active_per_intervention,True,False,,6e7969cc81329d3759371b9c198fe787870b41ed2cce9ad0aedf739e3e4f1fd1,bce931c8f7f4b2ca6d96ac63f5e3bd3c7b1a2d9a694728801ff6b1a12baf8802,15a9adece7ebea14bdf37f5376e274c6dce4711281025cf35060933ba9ab8ad3,,,custom,0.2,False
REIM (ACT + Detector + Recovery),188,8200230,metaworld,True,56,0.1506431000016164,1,1,1,48,0.31122341752052307,task_success_while_recovery_active_per_intervention,True,False,,a2f524deddeef7a3e91ffff561610163f5d1f6ce56d3f2a258e89ea6811a3d0e,bce931c8f7f4b2ca6d96ac63f5e3bd3c7b1a2d9a694728801ff6b1a12baf8802,aba21ef1c98d0573e36116c9757115227fd3793cba96aea7eda95c2547314ca3,,,custom,0.2,False
REIM (ACT + Detector + Recovery),189,8200231,metaworld,True,50,0.14383524900040356,1,1,1,38,0.26860255002975464,task_success_while_recovery_active_per_intervention,True,False,,8161ac2f596625549b180eecb841fa048cbb69ee9e1fdd463fe6b6fd94e2b896,bce931c8f7f4b2ca6d96ac63f5e3bd3c7b1a2d9a694728801ff6b1a12baf8802,504c23f653f6cdee9d659d9320b164606b319d4f0e9cdf0f3a87e2fc7a98160a,,,custom,0.2,False
REIM (ACT + Detector + Recovery),190,8200232,metaworld,True,52,0.1606915320007829,1,1,1,37,0.2275785207748413,task_success_while_recovery_active_per_intervention,True,False,,d5710cdcac94bfe4f79e294f113794089124eb7b88e82827c4289fcf230ce2a3,bce931c8f7f4b2ca6d96ac63f5e3bd3c7b1a2d9a694728801ff6b1a12baf8802,aa1f17aacdf569c3a2930a2ebbf742ff43f8d3acfc772731a5c344cabcd52570,,,custom,0.2,False
REIM (ACT + Detector + Recovery),191,8200233,metaworld,True,52,0.13776490600139368,1,1,1,43,0.292853981256485,task_success_while_recovery_active_per_intervention,True,False,,7df20adb1c727237b4f6ee43429539f598fe03b0a482200bb008e47a32c8b19b,bce931c8f7f4b2ca6d96ac63f5e3bd3c7b1a2d9a694728801ff6b1a12baf8802,c40fedd273cade53989af8adc3ca66d02f2d92ca4d97b2f6391a0dd0ab6dbca3,,,custom,0.2,False
REIM (ACT + Detector + Recovery),192,8200234,metaworld,True,57,0.14640976000009687,1,1,1,48,0.27025386691093445,task_success_while_recovery_active_per_intervention,True,False,,7c84e11127a5fbfd9811573c9758a5bc8ce7c5a4bd66a354a0f81a597c6a80ab,bce931c8f7f4b2ca6d96ac63f5e3bd3c7b1a2d9a694728801ff6b1a12baf8802,588df85fb38ef87f822932ad2f702be807974873e4a07ea43084bbdeeaac6604,,,custom,0.2,False
REIM (ACT + Detector + Recovery),193,8200235,metaworld,True,59,0.16502354600015678,1,1,1,46,0.22319991886615753,task_success_while_recovery_active_per_intervention,True,False,,292d3f2f78bb3da0b9d330c2cfed1b468b42c5145e3ff4c6d4fb4307d423a39c,bce931c8f7f4b2ca6d96ac63f5e3bd3c7b1a2d9a694728801ff6b1a12baf8802,5e1df472084de78052388a34f03cad3de438ca9b5dc801b5759dd57c66a7482a,,,custom,0.2,False
REIM (ACT + Detector + Recovery),194,8200236,metaworld,True,52,0.29701374800060876,0,0,0,0,0.13364288210868835,task_success_while_recovery_active_per_intervention,True,False,,2e951a556022f9d60f35749acfe635d7593fb93090dc130471b5863b8e132db4,bce931c8f7f4b2ca6d96ac63f5e3bd3c7b1a2d9a694728801ff6b1a12baf8802,56b7f182edcfeefa9301e1edd53d7f36e4418de7e6df1b54b0f0c298cde1b3cd,,,custom,0.2,False
REIM (ACT + Detector + Recovery),195,8200237,metaworld,True,52,0.17407610200098134,1,1,1,33,0.18333594501018524,task_success_while_recovery_active_per_intervention,True,False,,a9d6655b6b1a6de69310247fed03f174817bf772142f310c925591cd2129b211,bce931c8f7f4b2ca6d96ac63f5e3bd3c7b1a2d9a694728801ff6b1a12baf8802,6943489118fc060756e24fd47685e2c10173293d54af0af7e8afa9e287c9c5f1,,,custom,0.2,False
REIM (ACT + Detector + Recovery),196,8200238,metaworld,True,56,0.20770561300014379,1,1,1,30,0.17894862592220306,task_success_while_recovery_active_per_intervention,True,False,,145676fc7aa4b296dc0a0dde4816918dc0fd7fb98a62f42295eed9e6b972ca0f,bce931c8f7f4b2ca6d96ac63f5e3bd3c7b1a2d9a694728801ff6b1a12baf8802,6cb8d983459a8e57d4ae53a86da2394015cabba2d7c306dcaf7b14af979ca230,,,custom,0.2,False
REIM (ACT + Detector + Recovery),197,8200239,metaworld,True,54,0.18603743000130635,1,1,1,32,0.199302539229393,task_success_while_recovery_active_per_intervention,True,False,,48e8aaaed85faabf270fcea85c5d7c9edddcc576d5d07efdc0438e8f6060029f,bce931c8f7f4b2ca6d96ac63f5e3bd3c7b1a2d9a694728801ff6b1a12baf8802,7c3391ee418e26d47c002810bc00065e4dd0b6728c969d2338ad549ad01ebb0a,,,custom,0.2,False
REIM (ACT + Detector + Recovery),198,8200240,metaworld,True,58,0.15439907600011793,1,1,1,47,0.21659919619560242,task_success_while_recovery_active_per_intervention,True,False,,ef7f371a70f0f4a2811099b78026fe6729f5055e90c8ff7056cedf641dcc608d,bce931c8f7f4b2ca6d96ac63f5e3bd3c7b1a2d9a694728801ff6b1a12baf8802,ba19e0623fe05add91e00811bacb33e27305f5fcb6549be6f6278ebce6046101,,,custom,0.2,False
REIM (ACT + Detector + Recovery),199,8200241,metaworld,True,55,0.31354506999923615,0,0,0,0,0.1218390241265297,task_success_while_recovery_active_per_intervention,True,False,,ab15a2a6c9a63b6ca44b9f5da17da96eafbb94d0ab673464288ad6573b0b258e,bce931c8f7f4b2ca6d96ac63f5e3bd3c7b1a2d9a694728801ff6b1a12baf8802,0cda21f8ffacf0a1e40e7b0e858a8e2ddc276972106d4bced99d4404b4a13fd8,,,custom,0.2,False
