noise_level,method,seed42,seed43,seed44,mean,min,max,episodes_per_task,bank
0.0,reim,0.97,0.966,0.962,0.966,0.962,0.97,50,20265010
0.0,heuristic_recovery,0.966,0.958,0.976,0.9667,0.958,0.976,50,20265010
0.0,act,0.966,0.966,0.966,0.966,0.966,0.966,50,20265010
0.1,reim,0.456,0.43,0.438,0.4413,0.43,0.456,50,20265010
0.1,heuristic_recovery,0.478,0.414,0.45,0.4473,0.414,0.478,50,20265010
0.1,act,0.052,0.052,0.052,0.052,0.052,0.052,50,20265010
0.4,reim,0.614,0.556,0.654,0.608,0.556,0.654,50,20265010
0.4,heuristic_recovery,0.45,0.388,0.386,0.408,0.386,0.45,50,20265010
0.4,act,0.046,0.046,0.046,0.046,0.046,0.046,50,20265010
