run_fingerprint,benchmark,condition,task_name,task_id,task_variant,method,success,intervention_count,recovery_success,steps,paired_episode_id,episode_seed,task_payload_sha256,max_failure_probability,trigger_step,attempt_count,recovery_steps_total
4185eb73ef9b048356da2a4062642d231d84d45b6975b2e166adb46dcefe447c,MT10,robustness_noise_10,reach-v3,0,0,MT-REIM,0,0,0,500,00-0000-544af2449e9a,42,544af2449e9add2b9cd16d9f72aa365fa18c03ef5e1391e8b7a8eab1c928d2d5,0.4258776903152466,-1,1,0
4185eb73ef9b048356da2a4062642d231d84d45b6975b2e166adb46dcefe447c,MT10,robustness_noise_10,reach-v3,0,1,MT-REIM,0,1,1,500,00-0001-96a17741a324,43,96a17741a324c195de87602cf847511c415b9d2824c6debe59d90bb5118c3390,0.760474443435669,435,1,45
4185eb73ef9b048356da2a4062642d231d84d45b6975b2e166adb46dcefe447c,MT10,robustness_noise_10,reach-v3,0,2,MT-REIM,1,1,1,89,00-0002-29f33b963e4e,44,29f33b963e4e54ccdb63961996af3411570838b12fc3d21e8140ae14117e60c4,0.8919664025306702,9,1,80
4185eb73ef9b048356da2a4062642d231d84d45b6975b2e166adb46dcefe447c,MT10,robustness_noise_10,reach-v3,0,3,MT-REIM,0,0,0,500,00-0003-46156b6a7b55,45,46156b6a7b55debfd6e0d00f920bd3b15f1d5dfe619fecccacaf360ed7f0ecde,0.6119149923324585,-1,1,0
4185eb73ef9b048356da2a4062642d231d84d45b6975b2e166adb46dcefe447c,MT10,robustness_noise_10,reach-v3,0,4,MT-REIM,1,1,1,109,00-0004-155c6e32ef87,46,155c6e32ef873e1f5c6c6c8e741b77794e69890d9b9526cdf0b028517c5127eb,0.9063833951950073,69,1,28
4185eb73ef9b048356da2a4062642d231d84d45b6975b2e166adb46dcefe447c,MT10,robustness_noise_10,reach-v3,0,5,MT-REIM,1,0,0,354,00-0005-bc65f1c36808,47,bc65f1c36808c99cc648d755af1b80598c3b3c46095e98af17bd1168ad5374cc,0.5233035087585449,-1,1,0
4185eb73ef9b048356da2a4062642d231d84d45b6975b2e166adb46dcefe447c,MT10,robustness_noise_10,reach-v3,0,6,MT-REIM,1,0,0,359,00-0006-32673d8ca346,48,32673d8ca34676987cd39ac7e2b10043d7546a805721acab0daee5a1954f9775,0.5682674050331116,-1,1,0
4185eb73ef9b048356da2a4062642d231d84d45b6975b2e166adb46dcefe447c,MT10,robustness_noise_10,reach-v3,0,7,MT-REIM,1,0,0,330,00-0007-f6b3831b8af9,49,f6b3831b8af9412f00b31756ce7e039d7c9954d348d4b4e897c7b47a96a20b48,0.5659099221229553,-1,1,0
4185eb73ef9b048356da2a4062642d231d84d45b6975b2e166adb46dcefe447c,MT10,robustness_noise_10,reach-v3,0,8,MT-REIM,0,0,0,500,00-0008-fcce8f48f9da,50,fcce8f48f9dadb98d71ea8cf308f4795f4cd4b8f33b0a780a11a93adbf05edd6,0.6802272796630859,-1,1,0
4185eb73ef9b048356da2a4062642d231d84d45b6975b2e166adb46dcefe447c,MT10,robustness_noise_10,reach-v3,0,9,MT-REIM,0,1,0,500,00-0009-0e15d0c915a0,51,0e15d0c915a093aa5c6b2aa33517cacfeed694cdde89bde42cec2159d5a298d1,0.7577309012413025,162,1,250
4185eb73ef9b048356da2a4062642d231d84d45b6975b2e166adb46dcefe447c,MT10,robustness_noise_10,reach-v3,0,10,MT-REIM,1,0,0,345,00-0010-00c1fc33dee2,52,00c1fc33dee25139e532fdde47b7a90383696695df2bba389fb813f7c51d51e6,0.5332751870155334,-1,1,0
4185eb73ef9b048356da2a4062642d231d84d45b6975b2e166adb46dcefe447c,MT10,robustness_noise_10,reach-v3,0,11,MT-REIM,0,0,0,500,00-0011-32989476e412,53,32989476e41214d29462fa1e343ee2756f0fd57b1906ce90eddcb3dea5619acb,0.6097137928009033,-1,1,0
4185eb73ef9b048356da2a4062642d231d84d45b6975b2e166adb46dcefe447c,MT10,robustness_noise_10,reach-v3,0,12,MT-REIM,1,1,1,122,00-0012-367fa86ddcdc,54,367fa86ddcdcb254dc5513ecf0c72c7070939d494dc6f28943b0221c90fa4da1,0.734795868396759,57,1,65
4185eb73ef9b048356da2a4062642d231d84d45b6975b2e166adb46dcefe447c,MT10,robustness_noise_10,reach-v3,0,13,MT-REIM,0,1,0,500,00-0013-8fca8b340cf3,55,8fca8b340cf344cc9fb1d6587ae6fb754d55bbc57e75054ad79e370849aca5c7,0.8986639976501465,349,1,151
4185eb73ef9b048356da2a4062642d231d84d45b6975b2e166adb46dcefe447c,MT10,robustness_noise_10,reach-v3,0,14,MT-REIM,0,1,0,500,00-0014-8efbdac8b061,56,8efbdac8b061454bc51a54f9ab40fafd5af851d0f538bf5a90a820c5c08fbbec,0.9302607774734497,400,1,100
4185eb73ef9b048356da2a4062642d231d84d45b6975b2e166adb46dcefe447c,MT10,robustness_noise_10,reach-v3,0,15,MT-REIM,0,2,1,500,00-0015-9ac076b093b1,57,9ac076b093b1ff60c383b93ce9976a5fa5ee11e2b3078953f10dc3fe97004e08,0.8591049909591675,23,1,174
4185eb73ef9b048356da2a4062642d231d84d45b6975b2e166adb46dcefe447c,MT10,robustness_noise_10,reach-v3,0,16,MT-REIM,1,1,1,253,00-0016-9a7e9edea234,58,9a7e9edea234d83be8f1d88ad32da7ce6ff0f0f73a45db1bb53835fe96a7fc1a,0.8025037050247192,26,1,23
4185eb73ef9b048356da2a4062642d231d84d45b6975b2e166adb46dcefe447c,MT10,robustness_noise_10,reach-v3,0,17,MT-REIM,0,0,0,500,00-0017-2d000de5f469,59,2d000de5f4695be2c6bb916fbc2ef727dd33314ebf20166a0cf5d816d3c20aeb,0.5825579166412354,-1,1,0
4185eb73ef9b048356da2a4062642d231d84d45b6975b2e166adb46dcefe447c,MT10,robustness_noise_10,reach-v3,0,18,MT-REIM,0,0,0,500,00-0018-9e1017c9e2e6,60,9e1017c9e2e65b00e24c58fb1d757c41fe8364ad8f7dd4ba318a9fe34dd4fbd0,0.6479499340057373,-1,1,0
4185eb73ef9b048356da2a4062642d231d84d45b6975b2e166adb46dcefe447c,MT10,robustness_noise_10,reach-v3,0,19,MT-REIM,0,0,0,500,00-0019-d7a9f5042dbc,61,d7a9f5042dbc70fcfc338aeb87113e63e2f3113f942a5d2877e119e1793b6b47,0.4798654317855835,-1,1,0
4185eb73ef9b048356da2a4062642d231d84d45b6975b2e166adb46dcefe447c,MT10,robustness_noise_10,push-v3,1,0,MT-REIM,0,2,0,500,01-0000-2025daed0bc6,100042,2025daed0bc6ecfe2628201ebf64d251595a2f5f25dd9afe64a89d1738a0b9e2,0.9628380537033081,128,1,361
4185eb73ef9b048356da2a4062642d231d84d45b6975b2e166adb46dcefe447c,MT10,robustness_noise_10,push-v3,1,1,MT-REIM,0,2,0,500,01-0001-5d12101231e4,100043,5d12101231e4d2ff6f1a5ea37649c33687584f845459034cd84c2f2dfdd55446,0.9285877346992493,136,1,355
4185eb73ef9b048356da2a4062642d231d84d45b6975b2e166adb46dcefe447c,MT10,robustness_noise_10,push-v3,1,2,MT-REIM,0,1,1,500,01-0002-54231d12bd66,100044,54231d12bd668977d671a9f5f719ad7c25d14ae9d5ef553f4e7e3d2ac71bc8a3,0.7525187730789185,220,1,27
4185eb73ef9b048356da2a4062642d231d84d45b6975b2e166adb46dcefe447c,MT10,robustness_noise_10,push-v3,1,3,MT-REIM,0,0,0,500,01-0003-2902c6755384,100045,2902c6755384f42355fda7c198795f615069366cc4ba84d126886a5286918609,0.6368168592453003,-1,1,0
4185eb73ef9b048356da2a4062642d231d84d45b6975b2e166adb46dcefe447c,MT10,robustness_noise_10,push-v3,1,4,MT-REIM,0,3,2,500,01-0004-c0932f6c62d5,100046,c0932f6c62d564dab89133a132ed309a682bd7a5df2a25e1e9357e0fd57d4130,0.9682849645614624,29,1,168
4185eb73ef9b048356da2a4062642d231d84d45b6975b2e166adb46dcefe447c,MT10,robustness_noise_10,push-v3,1,5,MT-REIM,0,0,0,500,01-0005-de74d60b9a4e,100047,de74d60b9a4ec8786cd9dea397f51552c1499edc2cdb10fab86ded9661e98225,0.4222353994846344,-1,1,0
4185eb73ef9b048356da2a4062642d231d84d45b6975b2e166adb46dcefe447c,MT10,robustness_noise_10,push-v3,1,6,MT-REIM,0,2,1,500,01-0006-b28559109b8a,100048,b28559109b8afae29f0c1df3cb17799f93784e37a9a7415290ab5021c6edbbab,0.9629453420639038,231,1,132
4185eb73ef9b048356da2a4062642d231d84d45b6975b2e166adb46dcefe447c,MT10,robustness_noise_10,push-v3,1,7,MT-REIM,0,2,1,500,01-0007-b2d2be3e5f87,100049,b2d2be3e5f87c8a008d998444c0aaaa9ad0a2afc6b4c48bb05b425a129b94625,0.9433318972587585,162,1,290
4185eb73ef9b048356da2a4062642d231d84d45b6975b2e166adb46dcefe447c,MT10,robustness_noise_10,push-v3,1,8,MT-REIM,0,2,0,500,01-0008-4e2fa65b29f5,100050,4e2fa65b29f5db0f4f433b36f792657f45e83dddd0953f41999e2e57e785925d,0.9126927852630615,133,1,358
4185eb73ef9b048356da2a4062642d231d84d45b6975b2e166adb46dcefe447c,MT10,robustness_noise_10,push-v3,1,9,MT-REIM,0,1,0,500,01-0009-fd57ddadd7a4,100051,fd57ddadd7a41653b7a3d551ce1c1ca8ab4a98f67d5d6fb529414218db028f1e,0.8653537631034851,373,1,127
4185eb73ef9b048356da2a4062642d231d84d45b6975b2e166adb46dcefe447c,MT10,robustness_noise_10,push-v3,1,10,MT-REIM,0,2,0,500,01-0010-e3a9cf3e1ab2,100052,e3a9cf3e1ab2408e2b3cd1427e0d05eb4f01bf2085c11957158ddd81bb1167dc,0.8390437364578247,76,1,361
4185eb73ef9b048356da2a4062642d231d84d45b6975b2e166adb46dcefe447c,MT10,robustness_noise_10,push-v3,1,11,MT-REIM,0,0,0,500,01-0011-8ed76ef179aa,100053,8ed76ef179aaa80be636655cec0f74dd224ef59dee1fbda91e739137f6cbd748,0.6642608046531677,-1,1,0
4185eb73ef9b048356da2a4062642d231d84d45b6975b2e166adb46dcefe447c,MT10,robustness_noise_10,push-v3,1,12,MT-REIM,0,1,0,500,01-0012-9c91f73d0571,100054,9c91f73d0571f84afdfeff6235d4d03aa9f59ac2c9476b00e698e61d683d2488,0.7648911476135254,270,1,230
4185eb73ef9b048356da2a4062642d231d84d45b6975b2e166adb46dcefe447c,MT10,robustness_noise_10,push-v3,1,13,MT-REIM,0,2,0,500,01-0013-33f062c4feb7,100055,33f062c4feb76806722072cb46c8edb09ba4a01954e4bfd29f4aa62cb3e07f55,0.8379231095314026,203,1,288
4185eb73ef9b048356da2a4062642d231d84d45b6975b2e166adb46dcefe447c,MT10,robustness_noise_10,push-v3,1,14,MT-REIM,0,1,0,500,01-0014-d8edf5eee1e5,100056,d8edf5eee1e5318e9d5f7ecaec974285f9374317bb975fe475bc04a31bc2c50c,0.7421801686286926,271,1,229
4185eb73ef9b048356da2a4062642d231d84d45b6975b2e166adb46dcefe447c,MT10,robustness_noise_10,push-v3,1,15,MT-REIM,0,2,0,500,01-0015-84be35430246,100057,84be3543024617bd95a4fe1e49e592844d9387a5368fc69364d0c72ff28df8f0,0.9105243682861328,112,1,379
4185eb73ef9b048356da2a4062642d231d84d45b6975b2e166adb46dcefe447c,MT10,robustness_noise_10,push-v3,1,16,MT-REIM,0,1,0,500,01-0016-aac41bc36b2e,100058,aac41bc36b2e3129ea35ae1285a7dd8e78ca98cb64ba8e413a9990a467923302,0.8415167927742004,395,1,105
4185eb73ef9b048356da2a4062642d231d84d45b6975b2e166adb46dcefe447c,MT10,robustness_noise_10,push-v3,1,17,MT-REIM,0,1,0,500,01-0017-6b8e083b1fb4,100059,6b8e083b1fb497f765f0015e58bb62407cda22edbac8d0d1a9788e0252f88695,0.79938805103302,175,1,250
4185eb73ef9b048356da2a4062642d231d84d45b6975b2e166adb46dcefe447c,MT10,robustness_noise_10,push-v3,1,18,MT-REIM,0,1,0,500,01-0018-b1bb657172df,100060,b1bb657172dfa0aaccd41ceb2863e9724ef64ee51316c9d108986a2debd19034,0.7891097068786621,196,1,250
4185eb73ef9b048356da2a4062642d231d84d45b6975b2e166adb46dcefe447c,MT10,robustness_noise_10,push-v3,1,19,MT-REIM,0,1,0,500,01-0019-91ebe5838495,100061,91ebe58384959dfe56946715adfe841b4697ab640029ff327fcca64919c3ae65,0.8516420125961304,453,1,47
4185eb73ef9b048356da2a4062642d231d84d45b6975b2e166adb46dcefe447c,MT10,robustness_noise_10,pick-place-v3,2,0,MT-REIM,0,1,0,500,02-0000-9df42786b8a5,200042,9df42786b8a5c543e09de9b4d9abe487b593555ce8892792d231dcab0577b905,0.775262713432312,449,1,51
4185eb73ef9b048356da2a4062642d231d84d45b6975b2e166adb46dcefe447c,MT10,robustness_noise_10,pick-place-v3,2,1,MT-REIM,0,1,0,500,02-0001-297026817233,200043,297026817233401d6455ae780999ba9436d5ae1fda84d46172bac6a48e640d83,0.751134991645813,292,1,208
4185eb73ef9b048356da2a4062642d231d84d45b6975b2e166adb46dcefe447c,MT10,robustness_noise_10,pick-place-v3,2,2,MT-REIM,0,1,0,500,02-0002-ddea61371cd3,200044,ddea61371cd35e1341e7c874312e581c215b4ec62fdbbfaa816651c9ed38d963,0.8214980363845825,443,1,57
4185eb73ef9b048356da2a4062642d231d84d45b6975b2e166adb46dcefe447c,MT10,robustness_noise_10,pick-place-v3,2,3,MT-REIM,0,1,0,500,02-0003-d15552375760,200045,d1555237576083eced5fc9ee3a72bbbafbcebd9b2393330f420d3c373b0e9707,0.828021764755249,437,1,63
4185eb73ef9b048356da2a4062642d231d84d45b6975b2e166adb46dcefe447c,MT10,robustness_noise_10,pick-place-v3,2,4,MT-REIM,0,2,0,500,02-0004-d74e0b063d3c,200046,d74e0b063d3c330559dc7e63ca636cf157daf7a360f7d9af2b3d95ecd5a6bad0,0.7797665596008301,226,1,265
4185eb73ef9b048356da2a4062642d231d84d45b6975b2e166adb46dcefe447c,MT10,robustness_noise_10,pick-place-v3,2,5,MT-REIM,0,1,0,500,02-0005-a912710e0cdd,200047,a912710e0cdda6b31c66d0f3a83ed778e7918933fdc65b7d2d27a54fca6486e7,0.7516889572143555,191,1,250
4185eb73ef9b048356da2a4062642d231d84d45b6975b2e166adb46dcefe447c,MT10,robustness_noise_10,pick-place-v3,2,6,MT-REIM,0,1,0,500,02-0006-762f0bc4743c,200048,762f0bc4743ca78b9959da441b24a94aea6ce2bbe5d82db56278e74762fe30fe,0.8567554950714111,44,1,250
4185eb73ef9b048356da2a4062642d231d84d45b6975b2e166adb46dcefe447c,MT10,robustness_noise_10,pick-place-v3,2,7,MT-REIM,0,1,0,500,02-0007-ab1245afc73a,200049,ab1245afc73a9dbfd3c266a7ec2e5982ac905a7c4b21e02e6e1a79b0898c34a2,0.7856024503707886,277,1,223
4185eb73ef9b048356da2a4062642d231d84d45b6975b2e166adb46dcefe447c,MT10,robustness_noise_10,pick-place-v3,2,8,MT-REIM,0,2,0,500,02-0008-9abb1c0f1057,200050,9abb1c0f1057f37d493a18355f2c82996188dd87e24f1521be8f1faab0a7fe3c,0.8755399584770203,155,1,271
4185eb73ef9b048356da2a4062642d231d84d45b6975b2e166adb46dcefe447c,MT10,robustness_noise_10,pick-place-v3,2,9,MT-REIM,0,1,0,500,02-0009-131c612197e7,200051,131c612197e7e64c11d6b82a4ef0ea545d522a6790c014a0b37c488958f3fd47,0.7708142399787903,326,1,174
4185eb73ef9b048356da2a4062642d231d84d45b6975b2e166adb46dcefe447c,MT10,robustness_noise_10,pick-place-v3,2,10,MT-REIM,0,1,0,500,02-0010-b7f1c098ff4d,200052,b7f1c098ff4d301f0352a68aea668b6f461b7c089f978c52494e05bdd2846a31,0.8728621006011963,165,1,250
4185eb73ef9b048356da2a4062642d231d84d45b6975b2e166adb46dcefe447c,MT10,robustness_noise_10,pick-place-v3,2,11,MT-REIM,0,1,1,500,02-0011-d219fedca9d3,200053,d219fedca9d34eef25b7b145c4020a5ecf85fa5382a6a85d8bcd8bfc50fbd77e,0.8981245160102844,77,1,24
4185eb73ef9b048356da2a4062642d231d84d45b6975b2e166adb46dcefe447c,MT10,robustness_noise_10,pick-place-v3,2,12,MT-REIM,0,0,0,500,02-0012-8d4a7e08507a,200054,8d4a7e08507a989378181f80682a71111d9a424d2d4e38ca728499783e7d2593,0.4473862648010254,-1,1,0
4185eb73ef9b048356da2a4062642d231d84d45b6975b2e166adb46dcefe447c,MT10,robustness_noise_10,pick-place-v3,2,13,MT-REIM,0,1,1,500,02-0013-b136651124f8,200055,b136651124f827e79217550b6fec2945d4d37b9166b19b12e64843aa6ad797d2,0.8356285095214844,381,1,80
4185eb73ef9b048356da2a4062642d231d84d45b6975b2e166adb46dcefe447c,MT10,robustness_noise_10,pick-place-v3,2,14,MT-REIM,0,0,0,500,02-0014-8f687324078e,200056,8f687324078e0e899e3fac0a0b1bf2c19fc58ccce38e200ed21fd7adf1213a08,0.4463750123977661,-1,1,0
4185eb73ef9b048356da2a4062642d231d84d45b6975b2e166adb46dcefe447c,MT10,robustness_noise_10,pick-place-v3,2,15,MT-REIM,0,0,0,500,02-0015-86457bf6bcf1,200057,86457bf6bcf16e8d4be6f838808ba530758450d7749565681cc16fb7670cbc27,0.6332184076309204,-1,1,0
4185eb73ef9b048356da2a4062642d231d84d45b6975b2e166adb46dcefe447c,MT10,robustness_noise_10,pick-place-v3,2,16,MT-REIM,0,1,0,500,02-0016-d9b2d9672cad,200058,d9b2d9672cad682231fdfca15a5d65fab5bcce571ca238cf709fbda3454bed2c,0.8688963055610657,334,1,166
4185eb73ef9b048356da2a4062642d231d84d45b6975b2e166adb46dcefe447c,MT10,robustness_noise_10,pick-place-v3,2,17,MT-REIM,0,2,0,500,02-0017-d10cf553ac2f,200059,d10cf553ac2f1cf32b10700165f8d6724c7fd6bba3bb975e63988f47cbfa62ef,0.9228299260139465,161,1,330
4185eb73ef9b048356da2a4062642d231d84d45b6975b2e166adb46dcefe447c,MT10,robustness_noise_10,pick-place-v3,2,18,MT-REIM,0,1,0,500,02-0018-27d06c4aa700,200060,27d06c4aa700bb531bd464f5e526854b7879b981fbb6f5d01bec66da3c88b2c3,0.7446131706237793,341,1,159
4185eb73ef9b048356da2a4062642d231d84d45b6975b2e166adb46dcefe447c,MT10,robustness_noise_10,pick-place-v3,2,19,MT-REIM,0,1,0,500,02-0019-0e53589d3bc9,200061,0e53589d3bc9342d67155ca0290379848e25e614d9e6897e02ec32622f9b0177,0.774651288986206,337,1,163
4185eb73ef9b048356da2a4062642d231d84d45b6975b2e166adb46dcefe447c,MT10,robustness_noise_10,door-open-v3,3,0,MT-REIM,0,0,0,500,03-0000-0d3cac695735,300042,0d3cac695735c70136fa3f33680a3f6d1ff2be008e6301fd78a23759693ab9a2,0.6671810150146484,-1,1,0
4185eb73ef9b048356da2a4062642d231d84d45b6975b2e166adb46dcefe447c,MT10,robustness_noise_10,door-open-v3,3,1,MT-REIM,1,1,1,104,03-0001-26787494a669,300043,26787494a669c0d2bece16b85db00228369606097f80dd7dd3dcefbe899a62e8,0.8561998009681702,22,1,82
4185eb73ef9b048356da2a4062642d231d84d45b6975b2e166adb46dcefe447c,MT10,robustness_noise_10,door-open-v3,3,2,MT-REIM,1,1,1,83,03-0002-d7d212308e25,300044,d7d212308e252b03b23666dc6aeab9e284681bab9ac9db936d5e9e98fa79509a,0.7569709420204163,2,1,81
4185eb73ef9b048356da2a4062642d231d84d45b6975b2e166adb46dcefe447c,MT10,robustness_noise_10,door-open-v3,3,3,MT-REIM,1,1,1,356,03-0003-528dd223943e,300045,528dd223943ed6b504910cc5b9ab340a1f1bc5e613ab4dc24ce6def328ca133d,0.8138735890388489,277,1,79
4185eb73ef9b048356da2a4062642d231d84d45b6975b2e166adb46dcefe447c,MT10,robustness_noise_10,door-open-v3,3,4,MT-REIM,0,2,0,500,03-0004-818ccf84bb4e,300046,818ccf84bb4ee137911d18d731b5055f1fa25cca632151a3767579b55fcee8e6,0.9080988764762878,15,1,476
4185eb73ef9b048356da2a4062642d231d84d45b6975b2e166adb46dcefe447c,MT10,robustness_noise_10,door-open-v3,3,5,MT-REIM,1,1,1,109,03-0005-775c6e197d52,300047,775c6e197d52456edd6d9a1654a1a59e87600efaf0d6acf061bf4758e7321167,0.7747867107391357,38,1,71
4185eb73ef9b048356da2a4062642d231d84d45b6975b2e166adb46dcefe447c,MT10,robustness_noise_10,door-open-v3,3,6,MT-REIM,1,1,1,112,03-0006-bc14a4377819,300048,bc14a43778195e60e52024207fb4ca1099d02b96ee8162b4ff0782bdfcd98651,0.7778080105781555,11,1,101
4185eb73ef9b048356da2a4062642d231d84d45b6975b2e166adb46dcefe447c,MT10,robustness_noise_10,door-open-v3,3,7,MT-REIM,1,1,1,89,03-0007-c6ed3438bc5a,300049,c6ed3438bc5a389e9c4b58ecec624fe9992d94599ffa0b72814fbed9d8921ef2,0.8708544373512268,4,1,85
4185eb73ef9b048356da2a4062642d231d84d45b6975b2e166adb46dcefe447c,MT10,robustness_noise_10,door-open-v3,3,8,MT-REIM,0,2,0,500,03-0008-f6271aed2aee,300050,f6271aed2aeec0d86abb0784025f92cc7b3461d4630b3092afee20e5baac8666,0.8557275533676147,60,1,431
4185eb73ef9b048356da2a4062642d231d84d45b6975b2e166adb46dcefe447c,MT10,robustness_noise_10,door-open-v3,3,9,MT-REIM,1,1,1,87,03-0009-b2f900939bd7,300051,b2f900939bd712da8b9f031ff3dfce9a50730f315d085b0b646118795cd25e2d,0.7609931826591492,12,1,75
4185eb73ef9b048356da2a4062642d231d84d45b6975b2e166adb46dcefe447c,MT10,robustness_noise_10,door-open-v3,3,10,MT-REIM,1,1,1,432,03-0010-2b46eb3528fb,300052,2b46eb3528fb756c076c57183f67a0dee4971ad4ae8b582d9cc843d545bff6fe,0.8642818331718445,298,1,134
4185eb73ef9b048356da2a4062642d231d84d45b6975b2e166adb46dcefe447c,MT10,robustness_noise_10,door-open-v3,3,11,MT-REIM,1,1,1,191,03-0011-ba5d08484ff6,300053,ba5d08484ff68117c0b99e9b9033999686b673645c29e25939678264553bd9ae,0.7555654644966125,98,1,93
4185eb73ef9b048356da2a4062642d231d84d45b6975b2e166adb46dcefe447c,MT10,robustness_noise_10,door-open-v3,3,12,MT-REIM,0,0,0,500,03-0012-b6193f2b7619,300054,b6193f2b761946f8cd223c501f6fdb4d1a3d9f7117ec6690b7840500fe79bc89,0.6785807013511658,-1,1,0
4185eb73ef9b048356da2a4062642d231d84d45b6975b2e166adb46dcefe447c,MT10,robustness_noise_10,door-open-v3,3,13,MT-REIM,1,1,1,172,03-0013-e95efd788395,300055,e95efd7883954f989eb95a0ffb0863379659157e977d59c680d9c79fde5d913f,0.803584098815918,81,1,91
4185eb73ef9b048356da2a4062642d231d84d45b6975b2e166adb46dcefe447c,MT10,robustness_noise_10,door-open-v3,3,14,MT-REIM,1,1,1,110,03-0014-e28ef5662f2c,300056,e28ef5662f2c4204770a537c68a2666cc2046b380e498b0bcea1dc67338cbde7,0.7464426159858704,40,1,70
4185eb73ef9b048356da2a4062642d231d84d45b6975b2e166adb46dcefe447c,MT10,robustness_noise_10,door-open-v3,3,15,MT-REIM,0,2,0,500,03-0015-5bbb6ecf1b78,300057,5bbb6ecf1b78da6c5e6f495931413402bbc358fa9f53dc553434b10ebe7b0bfa,0.8892282247543335,43,1,444
4185eb73ef9b048356da2a4062642d231d84d45b6975b2e166adb46dcefe447c,MT10,robustness_noise_10,door-open-v3,3,16,MT-REIM,0,2,0,500,03-0016-212d2e492bf7,300058,212d2e492bf7a762659641ac91c87c737df1db6b398fa99dd564657dae2cc86f,0.8424210548400879,182,1,309
4185eb73ef9b048356da2a4062642d231d84d45b6975b2e166adb46dcefe447c,MT10,robustness_noise_10,door-open-v3,3,17,MT-REIM,1,1,1,90,03-0017-25544ece3cf4,300059,25544ece3cf44b915ea4d9f80bf880742885393e7e7b86366a8c7ab2f8d15e63,0.8198645114898682,10,1,80
4185eb73ef9b048356da2a4062642d231d84d45b6975b2e166adb46dcefe447c,MT10,robustness_noise_10,door-open-v3,3,18,MT-REIM,1,1,1,89,03-0018-8d3a2d3d9a03,300060,8d3a2d3d9a03a0bac679d83d1199c2bb94dbc76267f2b510f63c46f983bb6be2,0.8741156458854675,3,1,86
4185eb73ef9b048356da2a4062642d231d84d45b6975b2e166adb46dcefe447c,MT10,robustness_noise_10,door-open-v3,3,19,MT-REIM,0,0,0,500,03-0019-be2814369d19,300061,be2814369d19aaf57f447fb50b159e8e2ec90e36130e9438348be2f32d05a09c,0.6664752960205078,-1,1,0
4185eb73ef9b048356da2a4062642d231d84d45b6975b2e166adb46dcefe447c,MT10,robustness_noise_10,drawer-open-v3,4,0,MT-REIM,0,1,1,500,04-0000-76ab3ebf75b1,400042,76ab3ebf75b1f2c276ea6cd38ec236821a02e095df968442e675e3d893587b46,0.867756187915802,109,1,32
4185eb73ef9b048356da2a4062642d231d84d45b6975b2e166adb46dcefe447c,MT10,robustness_noise_10,drawer-open-v3,4,1,MT-REIM,0,1,1,500,04-0001-e073a47c5aa4,400043,e073a47c5aa4044a03687790991204423de01c340a56d38839db0ce26e7f3c9c,0.8479851484298706,202,1,32
4185eb73ef9b048356da2a4062642d231d84d45b6975b2e166adb46dcefe447c,MT10,robustness_noise_10,drawer-open-v3,4,2,MT-REIM,0,2,1,500,04-0002-c86290b37e3c,400044,c86290b37e3c4fb2c18c971e76b41c7c2521ecc6c1a43aeb843fffea14215ae4,0.7881678938865662,34,1,132
4185eb73ef9b048356da2a4062642d231d84d45b6975b2e166adb46dcefe447c,MT10,robustness_noise_10,drawer-open-v3,4,3,MT-REIM,0,1,1,500,04-0003-b5bc3c09044c,400045,b5bc3c09044ce1f07decd3bb28acf1104f035dfc0feb921c32098e1eb09c096e,0.8568317294120789,263,1,34
4185eb73ef9b048356da2a4062642d231d84d45b6975b2e166adb46dcefe447c,MT10,robustness_noise_10,drawer-open-v3,4,4,MT-REIM,0,0,0,500,04-0004-ec51d2f68d1e,400046,ec51d2f68d1e704d9ceb55461418d2cb882e3747345a04be89c86c6968e5ce15,0.5981853604316711,-1,1,0
4185eb73ef9b048356da2a4062642d231d84d45b6975b2e166adb46dcefe447c,MT10,robustness_noise_10,drawer-open-v3,4,5,MT-REIM,0,1,1,500,04-0005-e8e820225829,400047,e8e820225829c4a7ee20dab05dc7c32a87ec34e5d903d841bf8fbf6286b9ea39,0.9274545907974243,17,1,27
4185eb73ef9b048356da2a4062642d231d84d45b6975b2e166adb46dcefe447c,MT10,robustness_noise_10,drawer-open-v3,4,6,MT-REIM,0,0,0,500,04-0006-d3b4a505f57f,400048,d3b4a505f57f221db022d1df6adf2a1c5a1d9af5c1932581ad483f3a39b9d633,0.5257002711296082,-1,1,0
4185eb73ef9b048356da2a4062642d231d84d45b6975b2e166adb46dcefe447c,MT10,robustness_noise_10,drawer-open-v3,4,7,MT-REIM,0,2,1,500,04-0007-1cde565376f0,400049,1cde565376f09e5030714fa936f84c8d54a773e4b7f0c7fcf595d14f3c953ac3,0.8979571461677551,31,1,158
4185eb73ef9b048356da2a4062642d231d84d45b6975b2e166adb46dcefe447c,MT10,robustness_noise_10,drawer-open-v3,4,8,MT-REIM,0,1,1,500,04-0008-9777d1460218,400050,9777d14602187dde6648969aef654cfc15fa4b1456e47cef575fb5cd2ae80528,0.8709737658500671,100,1,34
4185eb73ef9b048356da2a4062642d231d84d45b6975b2e166adb46dcefe447c,MT10,robustness_noise_10,drawer-open-v3,4,9,MT-REIM,0,1,0,500,04-0009-1edfabd1b6fd,400051,1edfabd1b6fd967d06081a77c992c5b8d73ef9c4034ce8e631d668bf2cf7d71a,0.7784699201583862,493,1,7
4185eb73ef9b048356da2a4062642d231d84d45b6975b2e166adb46dcefe447c,MT10,robustness_noise_10,drawer-open-v3,4,10,MT-REIM,0,1,1,500,04-0010-db2f8a12136b,400052,db2f8a12136bf2ab7002817190b35c0109d4c1084fec0e3c259e07f52562acf3,0.778850257396698,404,1,32
4185eb73ef9b048356da2a4062642d231d84d45b6975b2e166adb46dcefe447c,MT10,robustness_noise_10,drawer-open-v3,4,11,MT-REIM,0,1,1,500,04-0011-da0cebe89871,400053,da0cebe8987104900adc3a7440992d00d99d9bb491d6c2ec95060643466e546c,0.9223848581314087,19,1,24
4185eb73ef9b048356da2a4062642d231d84d45b6975b2e166adb46dcefe447c,MT10,robustness_noise_10,drawer-open-v3,4,12,MT-REIM,0,1,0,500,04-0012-9f3b137868e0,400054,9f3b137868e06c98c63c4c636bad3c0300faa8ad62e0f10c28cba851facf93e1,0.792228102684021,448,1,52
4185eb73ef9b048356da2a4062642d231d84d45b6975b2e166adb46dcefe447c,MT10,robustness_noise_10,drawer-open-v3,4,13,MT-REIM,1,1,0,468,04-0013-f275579d5adf,400055,f275579d5adf71c304b37756ef5437e4c463e4dec3438c92efd1914232807ad9,0.9657087922096252,209,1,250
4185eb73ef9b048356da2a4062642d231d84d45b6975b2e166adb46dcefe447c,MT10,robustness_noise_10,drawer-open-v3,4,14,MT-REIM,0,1,0,500,04-0014-ad89e0cc2a96,400056,ad89e0cc2a9689d2c04aca3f5560ef14193b8aaef4e63864632049247f4dc461,0.8903763890266418,464,1,36
4185eb73ef9b048356da2a4062642d231d84d45b6975b2e166adb46dcefe447c,MT10,robustness_noise_10,drawer-open-v3,4,15,MT-REIM,0,1,1,500,04-0015-b39807685d00,400057,b39807685d00ca9602f5b35f0d5c2c7095ae76828c660abe65ce65f8a2ac8327,0.7877773642539978,419,1,25
4185eb73ef9b048356da2a4062642d231d84d45b6975b2e166adb46dcefe447c,MT10,robustness_noise_10,drawer-open-v3,4,16,MT-REIM,0,0,0,500,04-0016-64ca2d381cff,400058,64ca2d381cff30ae06b4324e2c81c1b9cec818351909063fdef0af5d6ebe9b12,0.5584931969642639,-1,1,0
4185eb73ef9b048356da2a4062642d231d84d45b6975b2e166adb46dcefe447c,MT10,robustness_noise_10,drawer-open-v3,4,17,MT-REIM,0,1,1,500,04-0017-a84e8de1429d,400059,a84e8de1429d1055ae935d98f738dff7b34a477fa3df171a3856a997efa362d3,0.8243122100830078,331,1,25
4185eb73ef9b048356da2a4062642d231d84d45b6975b2e166adb46dcefe447c,MT10,robustness_noise_10,drawer-open-v3,4,18,MT-REIM,0,1,1,500,04-0018-bb7871fa90b5,400060,bb7871fa90b59b70de88a85a7121a13398b2b3431a3a1b707d23754e7dcba7ac,0.7275936603546143,36,1,24
4185eb73ef9b048356da2a4062642d231d84d45b6975b2e166adb46dcefe447c,MT10,robustness_noise_10,drawer-open-v3,4,19,MT-REIM,0,3,3,500,04-0019-7a4e9de61ab2,400061,7a4e9de61ab2692f7d78d35615d986158961d6ed5fcab69b5bd43239565ba9c4,0.9307835698127747,31,1,156
4185eb73ef9b048356da2a4062642d231d84d45b6975b2e166adb46dcefe447c,MT10,robustness_noise_10,drawer-close-v3,5,0,MT-REIM,0,1,0,500,05-0000-2812634fb71f,500042,2812634fb71f91b767b8876f236b76917fa5f2622ee6af91ea129cf1c11aad3a,0.7165288925170898,496,1,4
4185eb73ef9b048356da2a4062642d231d84d45b6975b2e166adb46dcefe447c,MT10,robustness_noise_10,drawer-close-v3,5,1,MT-REIM,0,0,0,500,05-0001-2dc6e1ed2ec9,500043,2dc6e1ed2ec9d47e0fe21a2ee71f54bc09b34d69f883841139ec40486043229c,0.5154087543487549,-1,1,0
4185eb73ef9b048356da2a4062642d231d84d45b6975b2e166adb46dcefe447c,MT10,robustness_noise_10,drawer-close-v3,5,2,MT-REIM,1,1,1,120,05-0002-35c66324284c,500044,35c66324284c5e1c295e8643eefd44fe4597950bb4f74df6c0b00ff19a702288,0.7408297657966614,41,1,79
4185eb73ef9b048356da2a4062642d231d84d45b6975b2e166adb46dcefe447c,MT10,robustness_noise_10,drawer-close-v3,5,3,MT-REIM,1,1,1,70,05-0003-cead4376b6e5,500045,cead4376b6e52b97657b6fee5773d250ec978c80a0d1fe7d89015b12eb00d150,0.78252112865448,29,1,41
4185eb73ef9b048356da2a4062642d231d84d45b6975b2e166adb46dcefe447c,MT10,robustness_noise_10,drawer-close-v3,5,4,MT-REIM,0,0,0,500,05-0004-b3a0fe657caf,500046,b3a0fe657caf17edc9815c44468d156455b114bb0836841ef694d4127f2ab459,0.5116986036300659,-1,1,0
4185eb73ef9b048356da2a4062642d231d84d45b6975b2e166adb46dcefe447c,MT10,robustness_noise_10,drawer-close-v3,5,5,MT-REIM,1,1,1,99,05-0005-d6e638347192,500047,d6e6383471925e8f49ab4174173ec1d88913a1a6b1513314b05813e7227ba3b5,0.8924700617790222,24,1,75
4185eb73ef9b048356da2a4062642d231d84d45b6975b2e166adb46dcefe447c,MT10,robustness_noise_10,drawer-close-v3,5,6,MT-REIM,1,1,1,243,05-0006-4a2e69c82849,500048,4a2e69c82849fb28b9128540c59de3fb7087331d5e96352bad359e831cae239d,0.9029120206832886,171,1,72
4185eb73ef9b048356da2a4062642d231d84d45b6975b2e166adb46dcefe447c,MT10,robustness_noise_10,drawer-close-v3,5,7,MT-REIM,1,1,1,340,05-0007-e4b94e94f1ef,500049,e4b94e94f1efe512f6cc2db33fb586a929ba2bbad3d2e02a42479732cf36d313,0.8163672089576721,296,1,44
4185eb73ef9b048356da2a4062642d231d84d45b6975b2e166adb46dcefe447c,MT10,robustness_noise_10,drawer-close-v3,5,8,MT-REIM,0,0,0,500,05-0008-e6da6aa9d9b1,500050,e6da6aa9d9b1806ea5bed90c61d135d9151cb1b4043e8c32633f613290c90404,0.45132139325141907,-1,1,0
4185eb73ef9b048356da2a4062642d231d84d45b6975b2e166adb46dcefe447c,MT10,robustness_noise_10,drawer-close-v3,5,9,MT-REIM,1,0,0,77,05-0009-9f01335b565a,500051,9f01335b565a882ab5843fc2b685a03b91c246c66a981d971370a42060977019,0.47150713205337524,-1,1,0
4185eb73ef9b048356da2a4062642d231d84d45b6975b2e166adb46dcefe447c,MT10,robustness_noise_10,drawer-close-v3,5,10,MT-REIM,1,1,1,335,05-0010-3861a80a5941,500052,3861a80a59411c6b5705d09480af731a361aaeab69983807c980f52b8b3237fc,0.9377288222312927,270,1,65
4185eb73ef9b048356da2a4062642d231d84d45b6975b2e166adb46dcefe447c,MT10,robustness_noise_10,drawer-close-v3,5,11,MT-REIM,0,0,0,500,05-0011-979ff2842faa,500053,979ff2842faaea6db77bd8377d65666fb1292092aebdef293a37a668288c5526,0.548655092716217,-1,1,0
4185eb73ef9b048356da2a4062642d231d84d45b6975b2e166adb46dcefe447c,MT10,robustness_noise_10,drawer-close-v3,5,12,MT-REIM,1,0,0,170,05-0012-d68d98f6b954,500054,d68d98f6b95448abe01f6366601bb2f4afb7fdb6fc25ed25fd605189eacd02bc,0.5961043834686279,-1,1,0
4185eb73ef9b048356da2a4062642d231d84d45b6975b2e166adb46dcefe447c,MT10,robustness_noise_10,drawer-close-v3,5,13,MT-REIM,1,1,1,133,05-0013-5fc6748d202d,500055,5fc6748d202d2ee33bfe990c5aea143cb75798b791df0b842d75ad265da491ce,0.8670271039009094,60,1,73
4185eb73ef9b048356da2a4062642d231d84d45b6975b2e166adb46dcefe447c,MT10,robustness_noise_10,drawer-close-v3,5,14,MT-REIM,1,0,0,144,05-0014-1d37c47af6dd,500056,1d37c47af6ddac6fad1bfe97e747d327ca411d2afec2982b90f5ae1912f08638,0.5243229269981384,-1,1,0
4185eb73ef9b048356da2a4062642d231d84d45b6975b2e166adb46dcefe447c,MT10,robustness_noise_10,drawer-close-v3,5,15,MT-REIM,1,1,1,98,05-0015-0920be838724,500057,0920be8387244dab727fe3562b36d1bebd4932e97320a10f874f929e01584b06,0.8600978255271912,16,1,82
4185eb73ef9b048356da2a4062642d231d84d45b6975b2e166adb46dcefe447c,MT10,robustness_noise_10,drawer-close-v3,5,16,MT-REIM,1,1,1,414,05-0016-a4c113ac5808,500058,a4c113ac5808e43570846af6c4ea09264b94ddcb1a3b80a8082fe4e5f91e5d0a,0.9161746501922607,345,1,69
4185eb73ef9b048356da2a4062642d231d84d45b6975b2e166adb46dcefe447c,MT10,robustness_noise_10,drawer-close-v3,5,17,MT-REIM,1,1,1,90,05-0017-4171f469e972,500059,4171f469e972bdef8f99c49b5d7584c0f1cc3c39876d94a36e7572291e214c58,0.8884268403053284,18,1,72
4185eb73ef9b048356da2a4062642d231d84d45b6975b2e166adb46dcefe447c,MT10,robustness_noise_10,drawer-close-v3,5,18,MT-REIM,0,0,0,500,05-0018-c09a37bc0f8b,500060,c09a37bc0f8bd1c5fbcfc43fbee76444a9abf051489a8a1544a8d1a1efdf6f22,0.4893481135368347,-1,1,0
4185eb73ef9b048356da2a4062642d231d84d45b6975b2e166adb46dcefe447c,MT10,robustness_noise_10,drawer-close-v3,5,19,MT-REIM,1,1,1,157,05-0019-a29b6ce261d1,500061,a29b6ce261d1c1ba5b4393ffb87494802977584219479f0ac2e7f5c84f77c50d,0.7309179306030273,109,1,48
4185eb73ef9b048356da2a4062642d231d84d45b6975b2e166adb46dcefe447c,MT10,robustness_noise_10,button-press-topdown-v3,6,0,MT-REIM,1,1,1,109,06-0000-afba0c595eae,600042,afba0c595eaeadefc7fce0064ac6806ab9d4c8fefb95bb842f8c2dd96cc30ca2,0.8934164047241211,42,1,67
4185eb73ef9b048356da2a4062642d231d84d45b6975b2e166adb46dcefe447c,MT10,robustness_noise_10,button-press-topdown-v3,6,1,MT-REIM,1,1,1,120,06-0001-c6113574e6fc,600043,c6113574e6fc0e0c9248819e5731525992f24ed60a09d9fb8659f4d0a1812404,0.7585103511810303,57,1,63
4185eb73ef9b048356da2a4062642d231d84d45b6975b2e166adb46dcefe447c,MT10,robustness_noise_10,button-press-topdown-v3,6,2,MT-REIM,1,1,1,66,06-0002-835e87f97da5,600044,835e87f97da5f6af31d6c7fcae694df5ebce76b8da3c574c6001aa4184498712,0.7620649337768555,1,1,65
4185eb73ef9b048356da2a4062642d231d84d45b6975b2e166adb46dcefe447c,MT10,robustness_noise_10,button-press-topdown-v3,6,3,MT-REIM,1,1,1,195,06-0003-23a73ac7cc70,600045,23a73ac7cc7039f9e5075711b7e1e7f92292a22941bfaa83b198e7cf01736199,0.7563755512237549,116,1,79
4185eb73ef9b048356da2a4062642d231d84d45b6975b2e166adb46dcefe447c,MT10,robustness_noise_10,button-press-topdown-v3,6,4,MT-REIM,1,1,1,84,06-0004-2c6457bbab1d,600046,2c6457bbab1d36b50fd6427a9a837d29181281dc33d43d1ff7a6b699d956de37,0.7612443566322327,2,1,82
4185eb73ef9b048356da2a4062642d231d84d45b6975b2e166adb46dcefe447c,MT10,robustness_noise_10,button-press-topdown-v3,6,5,MT-REIM,1,1,1,63,06-0005-db0b97b9db60,600047,db0b97b9db60d6a5afc9e91d19d12228a4e18b1e9f2cdd238d392aa68f777629,0.7138470411300659,1,1,62
4185eb73ef9b048356da2a4062642d231d84d45b6975b2e166adb46dcefe447c,MT10,robustness_noise_10,button-press-topdown-v3,6,6,MT-REIM,1,1,1,65,06-0006-19da05546a82,600048,19da05546a82486e7d4608362c88d4078df445a31c9e791b01bdc5df57b8bac4,0.7279173135757446,2,1,63
4185eb73ef9b048356da2a4062642d231d84d45b6975b2e166adb46dcefe447c,MT10,robustness_noise_10,button-press-topdown-v3,6,7,MT-REIM,1,1,1,69,06-0007-baf1b331a951,600049,baf1b331a95128bdbf83e8237607b5c727e8996e91b0803a7a1929b87ca770f5,0.7811269164085388,1,1,68
4185eb73ef9b048356da2a4062642d231d84d45b6975b2e166adb46dcefe447c,MT10,robustness_noise_10,button-press-topdown-v3,6,8,MT-REIM,1,1,1,285,06-0008-eee7ebe3c4dc,600050,eee7ebe3c4dc29644604a3852bbac99bfbdb430eb4ff81316c8db7ef8f57b798,0.7765141725540161,220,1,65
4185eb73ef9b048356da2a4062642d231d84d45b6975b2e166adb46dcefe447c,MT10,robustness_noise_10,button-press-topdown-v3,6,9,MT-REIM,1,1,1,66,06-0009-b873be571bde,600051,b873be571bde2f1abe2e12cb6e9ddc09f7172a4e7a68ae00c47cfd843b3c29dd,0.744219183921814,2,1,64
4185eb73ef9b048356da2a4062642d231d84d45b6975b2e166adb46dcefe447c,MT10,robustness_noise_10,button-press-topdown-v3,6,10,MT-REIM,1,1,1,75,06-0010-c74020b73cdd,600052,c74020b73cdd103d7b5b84c11a4e8494f02f92c9413c3b5498da0c6be9e5ac0d,0.7976146936416626,3,1,72
4185eb73ef9b048356da2a4062642d231d84d45b6975b2e166adb46dcefe447c,MT10,robustness_noise_10,button-press-topdown-v3,6,11,MT-REIM,0,1,0,500,06-0011-2338e59fe446,600053,2338e59fe44643df0383ee77ff45c5055e60832457ae79fd9d01123abd62486c,0.7176246643066406,490,1,10
4185eb73ef9b048356da2a4062642d231d84d45b6975b2e166adb46dcefe447c,MT10,robustness_noise_10,button-press-topdown-v3,6,12,MT-REIM,1,1,1,80,06-0012-955cf2fa621e,600054,955cf2fa621e1d8a2d12f00e257a0a6a6bed70c5493ae9e55adaa06f300887f0,0.8280918598175049,1,1,79
4185eb73ef9b048356da2a4062642d231d84d45b6975b2e166adb46dcefe447c,MT10,robustness_noise_10,button-press-topdown-v3,6,13,MT-REIM,1,1,1,123,06-0013-0c02b22f09ee,600055,0c02b22f09ee7daa97be6c086bde1b9efcd5789ab6e00081ad51d0b29041c749,0.7307077646255493,45,1,78
4185eb73ef9b048356da2a4062642d231d84d45b6975b2e166adb46dcefe447c,MT10,robustness_noise_10,button-press-topdown-v3,6,14,MT-REIM,0,0,0,500,06-0014-eeef3b5d33ee,600056,eeef3b5d33eef0dfcd937799a603b931b60c8dd4618f0a87ba981e39828be1b7,0.6419629454612732,-1,1,0
4185eb73ef9b048356da2a4062642d231d84d45b6975b2e166adb46dcefe447c,MT10,robustness_noise_10,button-press-topdown-v3,6,15,MT-REIM,0,0,0,500,06-0015-2d5754b18341,600057,2d5754b18341d1ca692ef84b1a455e5275ae88795b11c93da79490811e0cad5a,0.674687385559082,-1,1,0
4185eb73ef9b048356da2a4062642d231d84d45b6975b2e166adb46dcefe447c,MT10,robustness_noise_10,button-press-topdown-v3,6,16,MT-REIM,0,0,0,500,06-0016-0539becf538b,600058,0539becf538bd5ecd7e1f16c44bb35189ed644651943f4dc1a4182f65810ffc9,0.6539455652236938,-1,1,0
4185eb73ef9b048356da2a4062642d231d84d45b6975b2e166adb46dcefe447c,MT10,robustness_noise_10,button-press-topdown-v3,6,17,MT-REIM,1,1,1,83,06-0017-3c74a43fd503,600059,3c74a43fd503f125909fdb2ba1c0c36ab05340dc9d8a5494d71a8466f387ed45,0.7440131306648254,2,1,81
4185eb73ef9b048356da2a4062642d231d84d45b6975b2e166adb46dcefe447c,MT10,robustness_noise_10,button-press-topdown-v3,6,18,MT-REIM,1,1,1,161,06-0018-d825f42b31e4,600060,d825f42b31e4c39825ec09434e266768172db7d0c66271bab0c147f39351b524,0.7392798066139221,103,1,58
4185eb73ef9b048356da2a4062642d231d84d45b6975b2e166adb46dcefe447c,MT10,robustness_noise_10,button-press-topdown-v3,6,19,MT-REIM,1,1,1,84,06-0019-37604a94d71a,600061,37604a94d71a6d9d7de55019c948568f2c75ba91188704c8557b3cfc8e60504e,0.7142901420593262,2,1,82
4185eb73ef9b048356da2a4062642d231d84d45b6975b2e166adb46dcefe447c,MT10,robustness_noise_10,peg-insert-side-v3,7,0,MT-REIM,0,1,1,500,07-0000-8f106159f57a,700042,8f106159f57a6c0bf008c5a1632797d4e22973d3ed5443cdd77836d5dee2d8b9,0.7538960576057434,32,1,22
4185eb73ef9b048356da2a4062642d231d84d45b6975b2e166adb46dcefe447c,MT10,robustness_noise_10,peg-insert-side-v3,7,1,MT-REIM,0,2,1,500,07-0001-03fee8bde97a,700043,03fee8bde97aecb1b25bf391710ee3f874a4b1b075364283876b283521c798f3,0.8076301217079163,10,1,275
4185eb73ef9b048356da2a4062642d231d84d45b6975b2e166adb46dcefe447c,MT10,robustness_noise_10,peg-insert-side-v3,7,2,MT-REIM,0,2,2,500,07-0002-bad0fe773167,700044,bad0fe7731674eeecd6db38d91b9568188a891bf97861b214d91f914d3bcda4d,0.8288131952285767,45,1,55
4185eb73ef9b048356da2a4062642d231d84d45b6975b2e166adb46dcefe447c,MT10,robustness_noise_10,peg-insert-side-v3,7,3,MT-REIM,0,1,0,500,07-0003-9785f7e8e573,700045,9785f7e8e573d98b6628741bf7e79228b819b79ca5e3bfb301894d0609e39ef5,0.8862370848655701,4,1,250
4185eb73ef9b048356da2a4062642d231d84d45b6975b2e166adb46dcefe447c,MT10,robustness_noise_10,peg-insert-side-v3,7,4,MT-REIM,0,1,0,500,07-0004-29d52c5d276d,700046,29d52c5d276dcc48558160611dda20abc49d9f33f7b53a698ad10a6d61352f2e,0.7189275026321411,25,1,250
4185eb73ef9b048356da2a4062642d231d84d45b6975b2e166adb46dcefe447c,MT10,robustness_noise_10,peg-insert-side-v3,7,5,MT-REIM,0,2,0,500,07-0005-95909c200f9b,700047,95909c200f9b470e6c5f19c7b304d823664b74fda04a3afb254d90e352aefc94,0.7521194219589233,33,1,425
4185eb73ef9b048356da2a4062642d231d84d45b6975b2e166adb46dcefe447c,MT10,robustness_noise_10,peg-insert-side-v3,7,6,MT-REIM,0,1,0,500,07-0006-9927770690e0,700048,9927770690e0898a99f8a455401e0724a348f2d7f4143231f22df82311e96768,0.7639676928520203,436,1,64
4185eb73ef9b048356da2a4062642d231d84d45b6975b2e166adb46dcefe447c,MT10,robustness_noise_10,peg-insert-side-v3,7,7,MT-REIM,0,2,1,500,07-0007-aa028e6fa1d3,700049,aa028e6fa1d3123faa93805d49d448cd908b123702395278efb11b548055f300,0.8853700757026672,47,1,278
4185eb73ef9b048356da2a4062642d231d84d45b6975b2e166adb46dcefe447c,MT10,robustness_noise_10,peg-insert-side-v3,7,8,MT-REIM,0,1,0,500,07-0008-032c74113d92,700050,032c74113d92642a8eb358c788167db216406248f67cba391797e3d8d7cbb5a8,0.7744216322898865,59,1,250
4185eb73ef9b048356da2a4062642d231d84d45b6975b2e166adb46dcefe447c,MT10,robustness_noise_10,peg-insert-side-v3,7,9,MT-REIM,0,2,1,500,07-0009-b4cbe0f8b6b0,700051,b4cbe0f8b6b04429c20b4b44ff81da81074ccb9d27114eff25319527ab058177,0.8651707172393799,20,1,79
4185eb73ef9b048356da2a4062642d231d84d45b6975b2e166adb46dcefe447c,MT10,robustness_noise_10,peg-insert-side-v3,7,10,MT-REIM,0,0,0,500,07-0010-b10e27d39b0e,700052,b10e27d39b0e41af1c3009b7d7ff5da9a4dd5dd4c5b9a795b7a810a65f9345d1,0.6664785146713257,-1,1,0
4185eb73ef9b048356da2a4062642d231d84d45b6975b2e166adb46dcefe447c,MT10,robustness_noise_10,peg-insert-side-v3,7,11,MT-REIM,0,2,2,500,07-0011-b9a45d38219e,700053,b9a45d38219e65c975203c8418dd8d1832f7b6c6db3e11edfc32d9be1ee5d180,0.887693464756012,11,1,187
4185eb73ef9b048356da2a4062642d231d84d45b6975b2e166adb46dcefe447c,MT10,robustness_noise_10,peg-insert-side-v3,7,12,MT-REIM,0,2,2,500,07-0012-dd39deac2c73,700054,dd39deac2c731f948123c31199a55d01e995124d442e98297bc6949ae8ba371a,0.9417958855628967,22,1,116
4185eb73ef9b048356da2a4062642d231d84d45b6975b2e166adb46dcefe447c,MT10,robustness_noise_10,peg-insert-side-v3,7,13,MT-REIM,0,2,1,500,07-0013-51bfeb429311,700055,51bfeb429311c6e5423a945dd661ef95a0fe2683783cb475e558f2344a2f4cf1,0.8596481084823608,10,1,84
4185eb73ef9b048356da2a4062642d231d84d45b6975b2e166adb46dcefe447c,MT10,robustness_noise_10,peg-insert-side-v3,7,14,MT-REIM,0,1,0,500,07-0014-366b9c9a5f72,700056,366b9c9a5f720848c4ef7bd1d784d3fafe15df37d268f917357309a11a62bb31,0.876693844795227,162,1,250
4185eb73ef9b048356da2a4062642d231d84d45b6975b2e166adb46dcefe447c,MT10,robustness_noise_10,peg-insert-side-v3,7,15,MT-REIM,0,2,1,500,07-0015-321336deb2a0,700057,321336deb2a03519f01a280162c6be087df519804ab5a69bc82e0d4eaa773373,0.860530436038971,30,1,271
4185eb73ef9b048356da2a4062642d231d84d45b6975b2e166adb46dcefe447c,MT10,robustness_noise_10,peg-insert-side-v3,7,16,MT-REIM,0,1,1,500,07-0016-e93e644d1d0b,700058,e93e644d1d0b04ec287ed84561d605db92f8ab551c720f4f7bc7daa28d1897bc,0.7612848281860352,26,1,23
4185eb73ef9b048356da2a4062642d231d84d45b6975b2e166adb46dcefe447c,MT10,robustness_noise_10,peg-insert-side-v3,7,17,MT-REIM,0,1,0,500,07-0017-f6dd3f54aad2,700059,f6dd3f54aad2501dfdd760b80804a78d80aec88ad06c87d2325fbfb33cdfa21e,0.80012446641922,164,1,250
4185eb73ef9b048356da2a4062642d231d84d45b6975b2e166adb46dcefe447c,MT10,robustness_noise_10,peg-insert-side-v3,7,18,MT-REIM,1,1,1,128,07-0018-8ddaf27cb1af,700060,8ddaf27cb1af1eb16efd40eaa6228ff6925ba0688012236ad963cfecaf10d84f,0.9035917520523071,14,1,114
4185eb73ef9b048356da2a4062642d231d84d45b6975b2e166adb46dcefe447c,MT10,robustness_noise_10,peg-insert-side-v3,7,19,MT-REIM,0,1,1,500,07-0019-5f0db64d152e,700061,5f0db64d152e8736b219de66e633675c67e31d431263ea22424e464cec225286,0.7385275959968567,276,1,101
4185eb73ef9b048356da2a4062642d231d84d45b6975b2e166adb46dcefe447c,MT10,robustness_noise_10,window-open-v3,8,0,MT-REIM,1,1,1,229,08-0000-2b8a00450ddd,800042,2b8a00450dddc2bd6344278756f736245c38810d249f2f6e6f3fb2788a8a8968,0.79957115650177,144,1,85
4185eb73ef9b048356da2a4062642d231d84d45b6975b2e166adb46dcefe447c,MT10,robustness_noise_10,window-open-v3,8,1,MT-REIM,1,1,1,86,08-0001-5add1fcc8654,800043,5add1fcc865448e2ef6d738c02aa1be913c8b6a22ec6d40063104f7f0f098fea,0.8632422089576721,1,1,85
4185eb73ef9b048356da2a4062642d231d84d45b6975b2e166adb46dcefe447c,MT10,robustness_noise_10,window-open-v3,8,2,MT-REIM,1,1,1,89,08-0002-731fcba9fbad,800044,731fcba9fbadf7f12c35b2deec55ad2b61cd0518c619d349dde9e849be5cc102,0.7132573127746582,3,1,86
4185eb73ef9b048356da2a4062642d231d84d45b6975b2e166adb46dcefe447c,MT10,robustness_noise_10,window-open-v3,8,3,MT-REIM,1,1,1,289,08-0003-08609e0ef97c,800045,08609e0ef97c2eb10887b6225491bdbb6b28d78c3de1bdb29dc5093b1ad9c0e6,0.7598448395729065,202,1,87
4185eb73ef9b048356da2a4062642d231d84d45b6975b2e166adb46dcefe447c,MT10,robustness_noise_10,window-open-v3,8,4,MT-REIM,1,1,1,82,08-0004-2acc9de5a13b,800046,2acc9de5a13b29763a4c99024fc716b8cd70bd9f413157ecbe8df6a5651b05f1,0.8602914214134216,15,1,67
4185eb73ef9b048356da2a4062642d231d84d45b6975b2e166adb46dcefe447c,MT10,robustness_noise_10,window-open-v3,8,5,MT-REIM,1,1,1,114,08-0005-4112396a65bd,800047,4112396a65bd8a12437936cb44005a4d71dbc73d09a8b491e7f5470ed01857b5,0.765932559967041,25,1,89
4185eb73ef9b048356da2a4062642d231d84d45b6975b2e166adb46dcefe447c,MT10,robustness_noise_10,window-open-v3,8,6,MT-REIM,1,1,1,91,08-0006-a70e619382fa,800048,a70e619382fa789cf9453d73a484971ad04a4286b9ab6cf0d4609aef1fd7ab86,0.8253077864646912,1,1,90
4185eb73ef9b048356da2a4062642d231d84d45b6975b2e166adb46dcefe447c,MT10,robustness_noise_10,window-open-v3,8,7,MT-REIM,1,1,1,83,08-0007-8e7219affb6d,800049,8e7219affb6d314a05725411050e8ac9288d841639eacd73617dca3165965423,0.7981647849082947,1,1,82
4185eb73ef9b048356da2a4062642d231d84d45b6975b2e166adb46dcefe447c,MT10,robustness_noise_10,window-open-v3,8,8,MT-REIM,1,1,1,126,08-0008-351706c1e345,800050,351706c1e345cd4d345dda500d0576de1280dd86f7342958c872d3f05616919f,0.7964611649513245,32,1,94
4185eb73ef9b048356da2a4062642d231d84d45b6975b2e166adb46dcefe447c,MT10,robustness_noise_10,window-open-v3,8,9,MT-REIM,1,1,1,402,08-0009-71bd80812369,800051,71bd80812369d34501e48666a74cdb9aefff9d0f9a628c998f68f63bd969e741,0.7102047801017761,311,1,91
4185eb73ef9b048356da2a4062642d231d84d45b6975b2e166adb46dcefe447c,MT10,robustness_noise_10,window-open-v3,8,10,MT-REIM,1,1,1,239,08-0010-66070d11bbd7,800052,66070d11bbd7a965da4f0e405e06bbe32d41657574b30be24e8262218852d2a6,0.7995402812957764,142,1,97
4185eb73ef9b048356da2a4062642d231d84d45b6975b2e166adb46dcefe447c,MT10,robustness_noise_10,window-open-v3,8,11,MT-REIM,1,1,1,107,08-0011-9f92d3b5ed14,800053,9f92d3b5ed1416b067d24a3649e29e5e7006a6084140f30e62cf3bbcd0e9dd2f,0.8953021764755249,20,1,87
4185eb73ef9b048356da2a4062642d231d84d45b6975b2e166adb46dcefe447c,MT10,robustness_noise_10,window-open-v3,8,12,MT-REIM,0,0,0,500,08-0012-d38088912ffc,800054,d38088912ffc8a2e03e5d2c3f753b9f86487fb57b5f33ef4212ebe43fe239e26,0.6738935708999634,-1,1,0
4185eb73ef9b048356da2a4062642d231d84d45b6975b2e166adb46dcefe447c,MT10,robustness_noise_10,window-open-v3,8,13,MT-REIM,1,1,1,113,08-0013-8f0336cfa31e,800055,8f0336cfa31e76342b9c42b372e4b6263b4301411f474ee7bf668735dbd16b73,0.7244094014167786,15,1,98
4185eb73ef9b048356da2a4062642d231d84d45b6975b2e166adb46dcefe447c,MT10,robustness_noise_10,window-open-v3,8,14,MT-REIM,1,1,1,124,08-0014-7b29ee1603b0,800056,7b29ee1603b03d75bd69f8308c2304260766ab3ecb9353e7a4e10fe46f4dea00,0.8222256898880005,35,1,89
4185eb73ef9b048356da2a4062642d231d84d45b6975b2e166adb46dcefe447c,MT10,robustness_noise_10,window-open-v3,8,15,MT-REIM,1,1,1,103,08-0015-bdd8f57ffaa7,800057,bdd8f57ffaa73c59f8b3fdb17da1f6b24d6ddcd5d4f56548782edfeb8c8cbc32,0.7484303116798401,2,1,101
4185eb73ef9b048356da2a4062642d231d84d45b6975b2e166adb46dcefe447c,MT10,robustness_noise_10,window-open-v3,8,16,MT-REIM,1,1,1,83,08-0016-73ed88b32590,800058,73ed88b325904137e82ac95a505e53d389f26e443304d417443c9f3f994c6780,0.8476342558860779,1,1,82
4185eb73ef9b048356da2a4062642d231d84d45b6975b2e166adb46dcefe447c,MT10,robustness_noise_10,window-open-v3,8,17,MT-REIM,0,2,0,500,08-0017-4df0a615dbf1,800059,4df0a615dbf192b46593d0d013736c1497992e76db1193eb07eb512f4abb87f0,0.7662052512168884,135,1,339
4185eb73ef9b048356da2a4062642d231d84d45b6975b2e166adb46dcefe447c,MT10,robustness_noise_10,window-open-v3,8,18,MT-REIM,0,2,0,500,08-0018-df3249849e58,800060,df3249849e580e7676aa574af5ff7adc51a3ee9e1b6f7993eab90ef1fee7953e,0.7901090383529663,23,1,294
4185eb73ef9b048356da2a4062642d231d84d45b6975b2e166adb46dcefe447c,MT10,robustness_noise_10,window-open-v3,8,19,MT-REIM,1,1,1,89,08-0019-b65bd6519902,800061,b65bd6519902f922502229ded2c15c44e9d6a9e896d22c239eb43c9be1d0a78c,0.792902410030365,2,1,87
4185eb73ef9b048356da2a4062642d231d84d45b6975b2e166adb46dcefe447c,MT10,robustness_noise_10,window-close-v3,9,0,MT-REIM,1,1,1,79,09-0000-bd78d3bfcf77,900042,bd78d3bfcf77a98a74b5b177fad85851dfd978c81807df8e4742341772e6ee77,0.7633519768714905,1,1,78
4185eb73ef9b048356da2a4062642d231d84d45b6975b2e166adb46dcefe447c,MT10,robustness_noise_10,window-close-v3,9,1,MT-REIM,1,1,1,84,09-0001-90f1fe27f668,900043,90f1fe27f668ad23ce47faa01a52e5d933e0c8bf0ec7eb227103f4da21eb917d,0.875464677810669,1,1,83
4185eb73ef9b048356da2a4062642d231d84d45b6975b2e166adb46dcefe447c,MT10,robustness_noise_10,window-close-v3,9,2,MT-REIM,1,1,1,84,09-0002-b002428a3370,900044,b002428a3370490a8ccacb218bf95a01ce0ebe099b4ea93b55acfb1279375e61,0.8564178943634033,1,1,83
4185eb73ef9b048356da2a4062642d231d84d45b6975b2e166adb46dcefe447c,MT10,robustness_noise_10,window-close-v3,9,3,MT-REIM,1,1,1,95,09-0003-4681d606ade5,900045,4681d606ade580435f1cf05ba1a9d595f6960c0c5c5713eb0e157ba337599394,0.8212007284164429,16,1,79
4185eb73ef9b048356da2a4062642d231d84d45b6975b2e166adb46dcefe447c,MT10,robustness_noise_10,window-close-v3,9,4,MT-REIM,1,1,1,81,09-0004-e10c637b5db5,900046,e10c637b5db5526c2430a267d8f03b411128a8324114d152355e50fec60f5ce7,0.7691738605499268,1,1,80
4185eb73ef9b048356da2a4062642d231d84d45b6975b2e166adb46dcefe447c,MT10,robustness_noise_10,window-close-v3,9,5,MT-REIM,1,1,1,91,09-0005-a22eddedb3fa,900047,a22eddedb3fad9f0f81ec8bba083529a07bb3f62c5605487408d46d8029b751a,0.7256315350532532,3,1,88
4185eb73ef9b048356da2a4062642d231d84d45b6975b2e166adb46dcefe447c,MT10,robustness_noise_10,window-close-v3,9,6,MT-REIM,1,1,1,85,09-0006-c6bbc5d5d56d,900048,c6bbc5d5d56da8ad41c553bd723b3db93161a1e135583e52ea844c35fb954b6d,0.7777351140975952,1,1,84
4185eb73ef9b048356da2a4062642d231d84d45b6975b2e166adb46dcefe447c,MT10,robustness_noise_10,window-close-v3,9,7,MT-REIM,1,1,1,123,09-0007-4610393c15de,900049,4610393c15deee673d78bd96b494480e8b9ca7c3ea29b05d782ad6cf8bd60e64,0.8140799403190613,37,1,86
4185eb73ef9b048356da2a4062642d231d84d45b6975b2e166adb46dcefe447c,MT10,robustness_noise_10,window-close-v3,9,8,MT-REIM,1,1,1,92,09-0008-d1346940a106,900050,d1346940a1062845891ab99fbf488daa656bbe12d436e7a0606cfc98004a925f,0.7767865657806396,1,1,91
4185eb73ef9b048356da2a4062642d231d84d45b6975b2e166adb46dcefe447c,MT10,robustness_noise_10,window-close-v3,9,9,MT-REIM,1,1,1,90,09-0009-0cf213b39861,900051,0cf213b39861fa4c4ac2d4817bcb502b23924ff6446aa010e355ccfafd4378c0,0.7728466391563416,1,1,89
4185eb73ef9b048356da2a4062642d231d84d45b6975b2e166adb46dcefe447c,MT10,robustness_noise_10,window-close-v3,9,10,MT-REIM,1,1,1,116,09-0010-bc2a2722e3ab,900052,bc2a2722e3abed09008a268ffac8af0a9ffd59191fb761127f2f3f161506acc3,0.7629057765007019,35,1,81
4185eb73ef9b048356da2a4062642d231d84d45b6975b2e166adb46dcefe447c,MT10,robustness_noise_10,window-close-v3,9,11,MT-REIM,1,1,1,82,09-0011-4a59b655c768,900053,4a59b655c768aa246934a825ade6e1fa87b82148aa1420174410b2c166b75442,0.8030977249145508,1,1,81
4185eb73ef9b048356da2a4062642d231d84d45b6975b2e166adb46dcefe447c,MT10,robustness_noise_10,window-close-v3,9,12,MT-REIM,1,1,1,80,09-0012-7458aecab982,900054,7458aecab98212d5d2199f8a1f6f89816f8b159f75b333ffee81efca424ad8ec,0.7905721664428711,1,1,79
4185eb73ef9b048356da2a4062642d231d84d45b6975b2e166adb46dcefe447c,MT10,robustness_noise_10,window-close-v3,9,13,MT-REIM,1,1,1,89,09-0013-045342ea977d,900055,045342ea977d61e9acc404c6e9f0e0554883360e6e85495efedc4b78763ce30a,0.7727181911468506,2,1,87
4185eb73ef9b048356da2a4062642d231d84d45b6975b2e166adb46dcefe447c,MT10,robustness_noise_10,window-close-v3,9,14,MT-REIM,1,1,1,86,09-0014-61316649df6b,900056,61316649df6bd6bf04409faccc6abc4b55059a6a03aec2d402542abcb77f2344,0.8484810590744019,0,1,86
4185eb73ef9b048356da2a4062642d231d84d45b6975b2e166adb46dcefe447c,MT10,robustness_noise_10,window-close-v3,9,15,MT-REIM,1,1,1,118,09-0015-c2e1338af78f,900057,c2e1338af78f0a9d5fdc297dafd9434b296788a9e2dc56f17b3c1d3ce607e2d7,0.785754382610321,51,1,67
4185eb73ef9b048356da2a4062642d231d84d45b6975b2e166adb46dcefe447c,MT10,robustness_noise_10,window-close-v3,9,16,MT-REIM,1,1,1,98,09-0016-2918c4841d5f,900058,2918c4841d5f2ebae4cd1c2710b824391ad17009a7d9846d02eff395f8703f8c,0.7515880465507507,21,1,77
4185eb73ef9b048356da2a4062642d231d84d45b6975b2e166adb46dcefe447c,MT10,robustness_noise_10,window-close-v3,9,17,MT-REIM,1,1,1,80,09-0017-31ca06263b71,900059,31ca06263b71b25d1369d133e34e1c498201a10251da993e12306e4bb9e121d0,0.7488887310028076,4,1,76
4185eb73ef9b048356da2a4062642d231d84d45b6975b2e166adb46dcefe447c,MT10,robustness_noise_10,window-close-v3,9,18,MT-REIM,1,1,1,99,09-0018-0f8baa81bf22,900060,0f8baa81bf22af5afba775b66f4187a69493030b59988e158f4ed6d57c9835c4,0.8030248284339905,22,1,77
4185eb73ef9b048356da2a4062642d231d84d45b6975b2e166adb46dcefe447c,MT10,robustness_noise_10,window-close-v3,9,19,MT-REIM,1,1,1,78,09-0019-dec433d2afcf,900061,dec433d2afcfd83dc6c35e7324978859ca98a9aeb7887663ab03f0d6f5818fda,0.823441743850708,1,1,77
