benchmark,threshold,task_macro_precision,task_macro_recall,task_macro_f1,micro_precision,micro_recall,micro_f1,predicted_positive_rate,precision_constraint_satisfied,selected,task_macro_auroc,task_macro_auprc,task_macro_ece,micro_auroc,micro_auprc,micro_ece
MT50,0.01,0.29097498509925446,0.9995251102480228,0.4493099795048894,0.29140944527331697,0.9995587062976882,0.4512595415554724,0.9769523315263886,False,False,0.7867646183242374,0.6206099856274965,0.14073624098344348,0.7869610568078108,0.6162928429860048,0.13606273261936044
MT50,0.02,0.29642762992320754,0.9975231011836265,0.45563477740368846,0.2967406099633988,0.9977294727252022,0.4574332868319505,0.9576449171062394,False,False,0.7867646183242374,0.6206099856274965,0.14073624098344348,0.7869610568078108,0.6162928429860048,0.13606273261936044
MT50,0.03,0.30098713756188805,0.9952610968243049,0.46077094485424036,0.30114306625909504,0.9957080628629996,0.46242868192967035,0.941733126284762,False,False,0.7867646183242374,0.6206099856274965,0.14073624098344348,0.7869610568078108,0.6162928429860048,0.13606273261936044
MT50,0.04,0.3050746467664731,0.9932036050031402,0.46529722959526654,0.305002926965654,0.9938645940097939,0.466762938152256,0.928093869226933,False,False,0.7867646183242374,0.6206099856274965,0.14073624098344348,0.7869610568078108,0.6162928429860048,0.13606273261936044
MT50,0.05,0.3090115357883214,0.991198854641865,0.46959347533352364,0.3086778763100311,0.9920068898758684,0.4708451855705627,0.915330378971866,False,False,0.7867646183242374,0.6206099856274965,0.14073624098344348,0.7869610568078108,0.6162928429860048,0.13606273261936044
MT50,0.060000000000000005,0.3128667381959517,0.9887978325885682,0.4737050404718739,0.3122341930471413,0.9897150096799909,0.47470802508543314,0.9028142117490604,False,False,0.7867646183242374,0.6206099856274965,0.14073624098344348,0.7869610568078108,0.6162928429860048,0.13606273261936044
MT50,0.06999999999999999,0.31665352000780755,0.9861274622523186,0.4776503927444225,0.3156967413696946,0.9871028356679193,0.47839307612570736,0.890555503748363,False,False,0.7867646183242374,0.6206099856274965,0.14073624098344348,0.7869610568078108,0.6162928429860048,0.13606273261936044
MT50,0.08,0.3204621873932412,0.982870532945214,0.48150059928795325,0.3191692737494661,0.9839212504270585,0.48198866479199326,0.8780271730977413,False,False,0.7867646183242374,0.6206099856274965,0.14073624098344348,0.7869610568078108,0.6162928429860048,0.13606273261936044
MT50,0.09,0.3243960614209452,0.979454206819874,0.4854305909033535,0.3227636067171452,0.9806044300193599,0.4856700696579147,0.8653224727437855,False,False,0.7867646183242374,0.6206099856274965,0.14073624098344348,0.7869610568078108,0.6162928429860048,0.13606273261936044
MT50,0.09999999999999999,0.32830908911380724,0.9757041791350513,0.4892411677783031,0.32635030231269807,0.9769673157954675,0.48926458820111673,0.8526380447695233,False,False,0.7867646183242374,0.6206099856274965,0.14073624098344348,0.7869610568078108,0.6162928429860048,0.13606273261936044
MT50,0.11,0.3322092801525132,0.9714729129962375,0.49293144472850164,0.32993921486266614,0.9728106138253046,0.4927551907012629,0.8397752198539578,False,False,0.7867646183242374,0.6206099856274965,0.14073624098344348,0.7869610568078108,0.6162928429860048,0.13606273261936044
MT50,0.12,0.33623862561595935,0.9671078728603623,0.49669090971496266,0.33362754400288325,0.9685471472497438,0.49629901142847754,0.8268515777993115,False,False,0.7867646183242374,0.6206099856274965,0.14073624098344348,0.7869610568078108,0.6162928429860048,0.13606273261936044
MT50,0.13,0.34028282728594617,0.9625801889388897,0.5003997146969296,0.33735695874684035,0.9641840337091447,0.4998293487024045,0.8140272704051638,False,False,0.7867646183242374,0.6206099856274965,0.14073624098344348,0.7869610568078108,0.6162928429860048,0.13606273261936044
MT50,0.14,0.3442761070101911,0.957826377020936,0.5039662652357604,0.3410763080659852,0.9595077439927115,0.5032590678991146,0.8012455350083725,False,False,0.7867646183242374,0.6206099856274965,0.14073624098344348,0.7869610568078108,0.6162928429860048,0.13606273261936044
MT50,0.15000000000000002,0.3483914646065319,0.9530252799278369,0.5075942428940959,0.3449005512361677,0.9548101013551987,0.506750528860683,0.7884820447533054,False,False,0.7867646183242374,0.6206099856274965,0.14073624098344348,0.7869610568078108,0.6162928429860048,0.13606273261936044
MT50,0.16,0.3527506431881628,0.947828231929258,0.5113658360873686,0.34896250150381053,0.9497067532171735,0.5103871414418447,0.7751387644390024,False,False,0.7867646183242374,0.6206099856274965,0.14073624098344348,0.7869610568078108,0.6162928429860048,0.13606273261936044
MT50,0.17,0.3570354531482364,0.9427745571139704,0.5150089605513397,0.35298482257545494,0.944717287324906,0.5139405438370618,0.7622799939993756,False,False,0.7867646183242374,0.6206099856274965,0.14073624098344348,0.7869610568078108,0.6162928429860048,0.13606273261936044
MT50,0.18000000000000002,0.3613571998616665,0.9369975070875067,0.518525951636005,0.35706919931036163,0.9390018221159321,0.5173923700646123,0.7490015853000921,False,False,0.7867646183242374,0.6206099856274965,0.14073624098344348,0.7869610568078108,0.6162928429860048,0.13606273261936044
MT50,0.19,0.3656962309746615,0.9313059763253322,0.5219991401454623,0.36114354641491975,0.9333860038719963,0.5207858430696647,0.7361225424807717,False,False,0.7867646183242374,0.6206099856274965,0.14073624098344348,0.7869610568078108,0.6162928429860048,0.13606273261936044
MT50,0.2,0.3700093823684509,0.9250816027910871,0.5253013588300882,0.3652630309895169,0.9272719508028698,0.5240835537497611,0.7230529392923317,False,False,0.7867646183242374,0.6206099856274965,0.14073624098344348,0.7869610568078108,0.6162928429860048,0.13606273261936044
MT50,0.21000000000000002,0.37429623866456013,0.9188677498554547,0.5284899789676529,0.3693273593790132,0.9211365448126637,0.5272536901158267,0.7103644568421309,False,False,0.7867646183242374,0.6206099856274965,0.14073624098344348,0.7869610568078108,0.6162928429860048,0.13606273261936044
MT50,0.22,0.3784479299205132,0.9126549076781824,0.5315141198082852,0.373335927698527,0.9149940211820977,0.5302991551712758,0.6980510134162609,False,False,0.7867646183242374,0.6206099856274965,0.14073624098344348,0.7869610568078108,0.6162928429860048,0.13606273261936044
MT50,0.23,0.3830266559908824,0.9066865809049403,0.5349145077251428,0.37772533153517646,0.9090507914816081,0.5336926998453889,0.6854578111506198,False,False,0.7867646183242374,0.6206099856274965,0.14073624098344348,0.7869610568078108,0.6162928429860048,0.13606273261936044
MT50,0.24000000000000002,0.38756087034772874,0.9007764253006414,0.5382164608817017,0.3821268957874068,0.9031289147021979,0.537029042552291,0.6731484222006885,False,False,0.7867646183242374,0.6206099856274965,0.14073624098344348,0.7869610568078108,0.6162928429860048,0.13606273261936044
MT50,0.25,0.39204559971818187,0.8944446551384495,0.5413021792062581,0.3864504197247636,0.8968298029837148,0.5401474247818528,0.660974858194704,False,False,0.7867646183242374,0.6206099856274965,0.14073624098344348,0.7869610568078108,0.6162928429860048,0.13606273261936044
MT50,0.26,0.39659992491538604,0.8878603936438485,0.5443365662257813,0.3908216922504913,0.8903171620544357,0.5431967951710437,0.6488357572341987,False,False,0.7867646183242374,0.6206099856274965,0.14073624098344348,0.7869610568078108,0.6162928429860048,0.13606273261936044
MT50,0.27,0.40081374818870347,0.8804544646761988,0.5468134849684957,0.39496357523115716,0.882921933720533,0.5457797293254254,0.6366986835116627,False,False,0.7867646183242374,0.6206099856274965,0.14073624098344348,0.7869610568078108,0.6162928429860048,0.13606273261936044
MT50,0.28,0.40542420688418923,0.8734824809223195,0.5496455408671497,0.3994313497653344,0.8759252932467828,0.5486653856270926,0.6245879638827283,False,False,0.7867646183242374,0.6206099856274965,0.14073624098344348,0.7869610568078108,0.6162928429860048,0.13606273261936044
MT50,0.29000000000000004,0.41007927723237747,0.8664572051619531,0.5524261909833059,0.40399086667328504,0.8689357704133925,0.5515512123717489,0.6126110419597715,False,False,0.7867646183242374,0.6206099856274965,0.14073624098344348,0.7869610568078108,0.6162928429860048,0.13606273261936044
MT50,0.3,0.414567450989098,0.8591928797550952,0.554910788538819,0.4083505081612758,0.8616615419656075,0.5541048661538778,0.6009969956333294,False,False,0.7867646183242374,0.6206099856274965,0.14073624098344348,0.7869610568078108,0.6162928429860048,0.13606273261936044
MT50,0.31,0.41919394672246535,0.8517965268425723,0.5573958927746531,0.41282343189486465,0.8543161371142239,0.5566580482092547,0.5894174123523664,False,False,0.7867646183242374,0.6206099856274965,0.14073624098344348,0.7869610568078108,0.6162928429860048,0.13606273261936044
MT50,0.32,0.4237656640076625,0.8442411370521115,0.5597233101080614,0.4173742193530279,0.846714497209885,0.5591329115708927,0.5778033660259243,False,False,0.7867646183242374,0.6206099856274965,0.14073624098344348,0.7869610568078108,0.6162928429860048,0.13606273261936044
MT50,0.33,0.42843239286302426,0.836595375797931,0.5620229138699803,0.4219577240428845,0.8389989750597882,0.5615134893093026,0.566319062929521,False,False,0.7867646183242374,0.6206099856274965,0.14073624098344348,0.7869610568078108,0.6162928429860048,0.13606273261936044
MT50,0.34,0.433203927331705,0.8289369005541805,0.5643067148703411,0.4266853706829158,0.8313403940325703,0.563932463293694,0.5549320672556469,False,False,0.7867646183242374,0.6206099856274965,0.14073624098344348,0.7869610568078108,0.6162928429860048,0.13606273261936044
MT50,0.35000000000000003,0.4381923011929992,0.8211440073233581,0.5665984656396905,0.4315370958838712,0.8235252249174354,0.5663171908803463,0.5435349353919259,False,False,0.7867646183242374,0.6206099856274965,0.14073624098344348,0.7869610568078108,0.6162928429860048,0.13606273261936044
MT50,0.36000000000000004,0.44269759517962415,0.8124353571087621,0.5682066955234774,0.4360310531087392,0.8147278214326387,0.5680497451701431,0.5321864572394696,False,False,0.7867646183242374,0.6206099856274965,0.14073624098344348,0.7869610568078108,0.6162928429860048,0.13606273261936044
MT50,0.37,0.44768449621754847,0.8045456156223908,0.5702942103437694,0.44099772783864544,0.8067631818699464,0.5702706782048701,0.5210488118358262,False,False,0.7867646183242374,0.6206099856274965,0.14073624098344348,0.7869610568078108,0.6162928429860048,0.13606273261936044
MT50,0.38,0.4525050458674012,0.796153585214242,0.5719659707891578,0.4458217746230337,0.7984213073681813,0.5721608732243503,0.5100814544216087,False,False,0.7867646183242374,0.6206099856274965,0.14073624098344348,0.7869610568078108,0.6162928429860048,0.13606273261936044
MT50,0.39,0.45740500896125574,0.7878100775242884,0.573588831089456,0.4506793467226495,0.7899655506206582,0.5739291864247262,0.4992397857614914,False,False,0.7867646183242374,0.6206099856274965,0.14073624098344348,0.7869610568078108,0.6162928429860048,0.13606273261936044
MT50,0.4,0.46255582977196374,0.7795145297275817,0.5752797493867995,0.45571075258108423,0.7816521466803326,0.575752333018769,0.4885319148073516,False,False,0.7867646183242374,0.6206099856274965,0.14073624098344348,0.7869610568078108,0.6162928429860048,0.13606273261936044
MT50,0.41000000000000003,0.46769131155481264,0.7710036513708013,0.576804842889981,0.46088498879761014,0.7730753900466917,0.5774883028498511,0.47774700881037624,False,False,0.7867646183242374,0.6206099856274965,0.14073624098344348,0.7869610568078108,0.6162928429860048,0.13606273261936044
MT50,0.42000000000000004,0.4728490129859226,0.7626491442664183,0.578267178908407,0.46608331236497097,0.7646836920624075,0.5791612983218419,0.46729051536443655,False,False,0.7867646183242374,0.6206099856274965,0.14073624098344348,0.7869610568078108,0.6162928429860048,0.13606273261936044
MT50,0.43,0.4779984289577561,0.754081262367033,0.5794732793181244,0.471258962163697,0.7560215237444482,0.5806039006471925,0.4569232203891486,False,False,0.7867646183242374,0.6206099856274965,0.14073624098344348,0.7869610568078108,0.6162928429860048,0.13606273261936044
MT50,0.44,0.4832006552431495,0.7452473251163859,0.5805665279278012,0.47655125766606593,0.7472027673385719,0.5819476973820974,0.44657822503152356,False,False,0.7867646183242374,0.6206099856274965,0.14073624098344348,0.7869610568078108,0.6162928429860048,0.13606273261936044
MT50,0.45,0.4887686731918933,0.7363654664617827,0.5816983250948826,0.4820717316639013,0.7382701286869378,0.5832778026143018,0.4361866032006033,False,False,0.7867646183242374,0.6206099856274965,0.14073624098344348,0.7869610568078108,0.6162928429860048,0.13606273261936044
MT50,0.46,0.4938952396387175,0.7268982105318534,0.582179754288503,0.487268937158522,0.7287253729643549,0.5840245057214243,0.4259551331692622,False,False,0.7867646183242374,0.6206099856274965,0.14073624098344348,0.7869610568078108,0.6162928429860048,0.13606273261936044
MT50,0.47000000000000003,0.4989932892049025,0.7169591834494251,0.5823288923180548,0.4924620419550405,0.7186610294955017,0.5844381737935027,0.41564257361914686,False,False,0.7867646183242374,0.6206099856274965,0.14073624098344348,0.7869610568078108,0.6162928429860048,0.13606273261936044
MT50,0.48000000000000004,0.5042168616187788,0.7074044481493886,0.5824868055031591,0.4977767119318125,0.7091447443343583,0.5849522970791134,0.40575978851853506,False,False,0.7867646183242374,0.6206099856274965,0.14073624098344348,0.7869610568078108,0.6162928429860048,0.13606273261936044
MT50,0.49,0.509695578125168,0.69739163758978,0.5825592315568181,0.5034542491364378,0.6992014007516228,0.5853976842719997,0.3955587270567343,False,False,0.7867646183242374,0.6206099856274965,0.14073624098344348,0.7869610568078108,0.6162928429860048,0.13606273261936044
MT50,0.5,0.5151820925090361,0.687007381039172,0.5822190190345311,0.5090485359258441,0.6887242341418973,0.5854099739247751,0.3853495566430561,False,False,0.7867646183242374,0.6206099856274965,0.14073624098344348,0.7869610568078108,0.6162928429860048,0.13606273261936044
MT50,0.51,0.5206858564347951,0.6773368174536819,0.5820183884032812,0.5145638923350774,0.678987302129598,0.5854501267314337,0.37582964713895906,False,False,0.7867646183242374,0.6206099856274965,0.14073624098344348,0.7869610568078108,0.6162928429860048,0.13606273261936044
MT50,0.52,0.5262325695817439,0.667250437507212,0.5815416464385366,0.5203149833038914,0.6687663705728277,0.5852739374044232,0.36608065974432474,False,False,0.7867646183242374,0.6206099856274965,0.14073624098344348,0.7869610568078108,0.6162928429860048,0.13606273261936044
MT50,0.53,0.5322342184633441,0.6571550354332562,0.58106335589938,0.5262885424963022,0.658460027331739,0.5850017073695127,0.35634789025344527,False,False,0.7867646183242374,0.6206099856274965,0.14073624098344348,0.7869610568078108,0.6162928429860048,0.13606273261936044
MT50,0.54,0.5376848667112067,0.646585462130887,0.5798165769745082,0.531810719064229,0.6478547431955358,0.5841250894435727,0.3469678601692338,False,False,0.7867646183242374,0.6206099856274965,0.14073624098344348,0.7869610568078108,0.6162928429860048,0.13606273261936044
MT50,0.55,0.5437443709259815,0.6358396608790603,0.578594975751084,0.5380042079951909,0.6370074592870971,0.5833349628152232,0.3372310362024157,False,False,0.7867646183242374,0.6206099856274965,0.14073624098344348,0.7869610568078108,0.6162928429860048,0.13606273261936044
MT50,0.56,0.5496514744769567,0.6257027933417967,0.5773474118043419,0.5439846279316907,0.6266726454845689,0.5824083506423061,0.32811251981625117,False,False,0.7867646183242374,0.6206099856274965,0.14073624098344348,0.7869610568078108,0.6162928429860048,0.13606273261936044
MT50,0.5700000000000001,0.5558973489957777,0.6152622842117837,0.5758823451428965,0.5501926084137457,0.6160531260676461,0.5812632215170747,0.3189129139113124,False,False,0.7867646183242374,0.6206099856274965,0.14073624098344348,0.7869610568078108,0.6162928429860048,0.13606273261936044
MT50,0.5800000000000001,0.5617801758667142,0.6043027479836087,0.5738016601028033,0.5561954373519364,0.6049282541851725,0.5795391780485643,0.3097741251454543,False,False,0.7867646183242374,0.6206099856274965,0.14073624098344348,0.7869610568078108,0.6162928429860048,0.13606273261936044
MT50,0.59,0.5678016106563976,0.593056207758527,0.5713577012433194,0.5623010735286185,0.5935186766883043,0.5774882960746835,0.30063128190365757,False,False,0.7867646183242374,0.6206099856274965,0.14073624098344348,0.7869610568078108,0.6162928429860048,0.13606273261936044
MT50,0.6,0.5743481075347596,0.5815618097152971,0.568820498443284,0.5689105686531021,0.5819169229017196,0.5753402485538556,0.29133031410025095,False,False,0.7867646183242374,0.6206099856274965,0.14073624098344348,0.7869610568078108,0.6162928429860048,0.13606273261936044
MT50,0.61,0.5806084700957999,0.5701210927373065,0.565880364419408,0.5753387280912753,0.5703222867554948,0.5728195248188671,0.2823354592302172,False,False,0.7867646183242374,0.6206099856274965,0.14073624098344348,0.7869610568078108,0.6162928429860048,0.13606273261936044
MT50,0.62,0.5871960216058254,0.5588558397621554,0.5627878017843622,0.5819831304940779,0.5588771210568272,0.5701961410821527,0.27351089234960935,False,False,0.7867646183242374,0.6206099856274965,0.14073624098344348,0.7869610568078108,0.6162928429860048,0.13606273261936044
MT50,0.63,0.5935157758069416,0.5466928893799349,0.5588151114796381,0.588191129940473,0.5464639562692176,0.5665602804169357,0.2646133449021047,False,False,0.7867646183242374,0.6206099856274965,0.14073624098344348,0.7869610568078108,0.6162928429860048,0.13606273261936044
MT50,0.64,0.6003920092102357,0.5352149959248518,0.5551504765148365,0.5950527124537628,0.5347198496754356,0.5632753133118649,0.25594082086919856,True,True,0.7867646183242374,0.6206099856274965,0.14073624098344348,0.7869610568078108,0.6162928429860048,0.13606273261936044
MT50,0.65,0.6068992452004879,0.5229200591676684,0.5505864601381613,0.6016810168101681,0.5222568614053069,0.5591626467921019,0.24722167036299722,True,False,0.7867646183242374,0.6206099856274965,0.14073624098344348,0.7869610568078108,0.6162928429860048,0.13606273261936044
MT50,0.66,0.6143122036089861,0.5107720164430074,0.5460506064810169,0.6089968633384619,0.5099291083020158,0.5550773426513828,0.23848630195304105,True,False,0.7867646183242374,0.6206099856274965,0.14073624098344348,0.7869610568078108,0.6162928429860048,0.13606273261936044
MT50,0.67,0.6213315529544503,0.4984607350481778,0.5409010033845751,0.6159254918892247,0.4975372964354857,0.550437620823113,0.23007326438021253,True,False,0.7867646183242374,0.6206099856274965,0.14073624098344348,0.7869610568078108,0.6162928429860048,0.13606273261936044
MT50,0.68,0.628488004283726,0.486162128717617,0.5354217067069036,0.6227452987079443,0.4850814258057169,0.5453599750334087,0.22185686889041156,True,False,0.7867646183242374,0.6206099856274965,0.14073624098344348,0.7869610568078108,0.6162928429860048,0.13606273261936044
MT50,0.6900000000000001,0.6358372199455564,0.47322972195641344,0.5292345592425157,0.6298051806187487,0.471928026420681,0.5395547924304134,0.21342153169992012,True,False,0.7867646183242374,0.6206099856274965,0.14073624098344348,0.7869610568078108,0.6162928429860048,0.13606273261936044
MT50,0.7000000000000001,0.643682783268824,0.4605659238402006,0.5228601433088231,0.6370702511580133,0.4591162737729188,0.5336488146698821,0.20525987163529177,True,False,0.7867646183242374,0.6206099856274965,0.14073624098344348,0.7869610568078108,0.6162928429860048,0.13606273261936044
MT50,0.7100000000000001,0.651614477224678,0.4472894452275002,0.5157820257889563,0.6447199085751938,0.44571375697528753,0.5270573382430299,0.19690359672560523,True,False,0.7867646183242374,0.6206099856274965,0.14073624098344348,0.7869610568078108,0.6162928429860048,0.13606273261936044
MT50,0.72,0.6598826014363719,0.43402191797189343,0.5084012085053233,0.6527595622540904,0.4321902402915386,0.520054128589659,0.18857773038545902,True,False,0.7867646183242374,0.6206099856274965,0.14073624098344348,0.7869610568078108,0.6162928429860048,0.13606273261936044
MT50,0.73,0.6683175319762643,0.41990830043161503,0.49978654117243243,0.6607852183600211,0.4179620772121626,0.5120442268369353,0.18015455662278373,True,False,0.7867646183242374,0.6206099856274965,0.14073624098344348,0.7869610568078108,0.6162928429860048,0.13606273261936044
MT50,0.74,0.6761964921196284,0.4057988912918629,0.49053371808400337,0.6684780686761048,0.40363426716774853,0.5033439992189198,0.17197667865440053,True,False,0.7867646183242374,0.6206099856274965,0.14073624098344348,0.7869610568078108,0.6162928429860048,0.13606273261936044
MT50,0.75,0.6850986676220985,0.39181179710791214,0.48104817694518837,0.6767259504786405,0.3894488099305318,0.4943844590015812,0.16391029877433191,True,False,0.7867646183242374,0.6206099856274965,0.14073624098344348,0.7869610568078108,0.6162928429860048,0.13606273261936044
MT50,0.76,0.6931057463778109,0.3773695828442707,0.4706073837806705,0.6843890079906451,0.3749145883156816,0.48444548677693927,0.15602637031150537,True,False,0.7867646183242374,0.6206099856274965,0.14073624098344348,0.7869610568078108,0.6162928429860048,0.13606273261936044
MT50,0.77,0.7017419735750604,0.36232696468428666,0.459192348554227,0.6924868478737396,0.3597682496298827,0.4735254440530616,0.14797215385925291,True,False,0.7867646183242374,0.6206099856274965,0.14073624098344348,0.7869610568078108,0.6162928429860048,0.13606273261936044
MT50,0.78,0.7108619373965103,0.34727817707254405,0.44720463751791095,0.7010625669532992,0.3446930873476825,0.46215656522278525,0.1400375444471925,True,False,0.7867646183242374,0.6206099856274965,0.14073624098344348,0.7869610568078108,0.6162928429860048,0.13606273261936044
MT50,0.79,0.7191167041194108,0.3311522936445224,0.4334166096109493,0.7091099058125778,0.3284862202482633,0.4489855481347803,0.13193872875961418,True,False,0.7867646183242374,0.6206099856274965,0.14073624098344348,0.7869610568078108,0.6162928429860048,0.13606273261936044
MT50,0.8,0.7280289090140305,0.3153985177615052,0.41950307911915663,0.7172751776525361,0.3125213529210796,0.4353555334116632,0.12409737229414412,True,False,0.7867646183242374,0.6206099856274965,0.14073624098344348,0.7869610568078108,0.6162928429860048,0.13606273261936044
MT50,0.81,0.7358616253263607,0.29870222083694825,0.40389414253633865,0.7250130912899284,0.295638309987473,0.4200095052228166,0.11614046326442076,True,False,0.7867646183242374,0.6206099856274965,0.14073624098344348,0.7869610568078108,0.6162928429860048,0.13606273261936044
MT50,0.8200000000000001,0.7449434621833375,0.28181586037515455,0.3873630360741852,0.7339521800281293,0.27857020840450974,0.40385716718002695,0.10810246471592315,True,False,0.7867646183242374,0.6206099856274965,0.14073624098344348,0.7869610568078108,0.6162928429860048,0.13606273261936044
MT50,0.8300000000000001,0.7541836518066867,0.2648656959183301,0.3700235901618739,0.742739343964106,0.2615732832251452,0.38689301223845246,0.10030570748577892,True,False,0.7867646183242374,0.6206099856274965,0.14073624098344348,0.7869610568078108,0.6162928429860048,0.13606273261936044
MT50,0.8400000000000001,0.7646150557314919,0.2487651898519776,0.352965019612073,0.7533495071361441,0.24533082792392666,0.37012816176194235,0.09275221881195746,True,False,0.7867646183242374,0.6206099856274965,0.14073624098344348,0.7869610568078108,0.6162928429860048,0.13606273261936044
MT50,0.85,0.7742117019120012,0.23100198764268076,0.3332930814228996,0.7633432835820896,0.22751537410317732,0.35054915529333064,0.08489058996679384,True,False,0.7867646183242374,0.6206099856274965,0.14073624098344348,0.7869610568078108,0.6162928429860048,0.13606273261936044
MT50,0.86,0.7862187161782175,0.21389771004727684,0.31373818246210894,0.7744268308659766,0.21036897847625555,0.33086124000201494,0.07736953710048208,True,False,0.7867646183242374,0.6206099856274965,0.14073624098344348,0.7869610568078108,0.6162928429860048,0.13606273261936044
MT50,0.87,0.796429802827309,0.19626543420498432,0.29282656104634547,0.7849939141018953,0.19279552442774173,0.30956217643226935,0.06995187337060749,True,False,0.7867646183242374,0.6206099856274965,0.14073624098344348,0.7869610568078108,0.6162928429860048,0.13606273261936044
MT50,0.88,0.8078073050152773,0.17851040728539755,0.2709180472993334,0.7965744997733601,0.17511530577382986,0.2871129990314035,0.06261327192153777,True,False,0.7867646183242374,0.6206099856274965,0.14073624098344348,0.7869610568078108,0.6162928429860048,0.13606273261936044
MT50,0.89,0.8194947542886669,0.16119891759757402,0.2487687963820499,0.807543872424088,0.15786926318186995,0.2641073576166038,0.05568011806633934,True,False,0.7867646183242374,0.6206099856274965,0.14073624098344348,0.7869610568078108,0.6162928429860048,0.13606273261936044
MT50,0.9,0.8334092540347865,0.14309882387416026,0.22478797911015175,0.8202763053549814,0.13988298599248378,0.2390076312669119,0.048570594507806895,True,False,0.7867646183242374,0.6206099856274965,0.14073624098344348,0.7869610568078108,0.6162928429860048,0.13606273261936044
MT50,0.91,0.8479751365966308,0.12547867221100983,0.20038180686981488,0.8325101685066821,0.12237359070720874,0.21338148782485664,0.04186651854314571,True,False,0.7867646183242374,0.6206099856274965,0.14073624098344348,0.7869610568078108,0.6162928429860048,0.13606273261936044
MT50,0.92,0.8646120440490052,0.10769255411635813,0.17536609252113283,0.8472861085556578,0.10488554834301332,0.1866639643291447,0.035257722763044265,True,False,0.7867646183242374,0.6206099856274965,0.14073624098344348,0.7869610568078108,0.6162928429860048,0.13606273261936044
MT50,0.93,0.8798448688049804,0.09003706558373027,0.14970506209353948,0.863601209308866,0.08742597654025737,0.15877817204092579,0.02883340563815424,True,False,0.7867646183242374,0.6206099856274965,0.14073624098344348,0.7869610568078108,0.6162928429860048,0.13606273261936044
MT50,0.9400000000000001,0.9007737789758807,0.07279764527291817,0.12372223822427537,0.8828507795100222,0.07053581596629085,0.13063451994120787,0.02275574620602414,True,False,0.7867646183242374,0.6206099856274965,0.14073624098344348,0.7869610568078108,0.6162928429860048,0.13606273261936044
MT50,0.9500000000000001,0.8976148776974813,0.055063117057429105,0.09576534341780789,0.8978830887659369,0.05313318528641385,0.10032927894630737,0.016854456477228035,True,False,0.7867646183242374,0.6206099856274965,0.14073624098344348,0.7869610568078108,0.6162928429860048,0.13606273261936044
MT50,0.9600000000000001,0.892840200207319,0.038315613515174894,0.06837942078850398,0.9130971267407015,0.03686937706411571,0.0708768617148643,0.011500521000158125,True,False,0.7867646183242374,0.6206099856274965,0.14073624098344348,0.7869610568078108,0.6162928429860048,0.13606273261936044
MT50,0.97,0.8212423802952078,0.023036534954409812,0.04203747206386254,0.9317977864193838,0.022171449720988497,0.04331231446269788,0.006777056531558014,True,False,0.7867646183242374,0.6206099856274965,0.14073624098344348,0.7869610568078108,0.6162928429860048,0.13606273261936044
MT50,0.98,0.6876158603971905,0.010259142552540559,0.01911231088110114,0.9442953020134228,0.01001451998633413,0.019818855380107896,0.0030205845743408438,True,False,0.7867646183242374,0.6206099856274965,0.14073624098344348,0.7869610568078108,0.6162928429860048,0.13606273261936044
MT50,0.99,0.27469348659003834,0.0026839810643012507,0.005033037488980243,0.9869109947643979,0.002683350415670197,0.005352148667641505,0.0007744049042940955,False,False,0.7867646183242374,0.6206099856274965,0.14073624098344348,0.7869610568078108,0.6162928429860048,0.13606273261936044
