method,episode,seed,backend,success,steps,elapsed_seconds,recovery_attempts,recovery_successes,detector_triggers,recovery_steps,failure_probability_max,recovery_definition,terminated,truncated,failure_reason,Profile,Noise Level,Benchmark Eligible
REIM (ACT + Detector + Recovery),0,7000042,metaworld,True,71,0.3625593330034462,1,1,1,63,0.458539754152298,task_success_while_recovery_active_per_intervention,True,False,,custom,0.2,False
REIM (ACT + Detector + Recovery),1,7000043,metaworld,True,56,0.1303351870010374,1,1,1,37,0.28862980008125305,task_success_while_recovery_active_per_intervention,True,False,,custom,0.2,False
REIM (ACT + Detector + Recovery),2,7000044,metaworld,True,45,0.10642987499886658,1,1,1,22,0.22969111800193787,task_success_while_recovery_active_per_intervention,True,False,,custom,0.2,False
REIM (ACT + Detector + Recovery),3,7000045,metaworld,True,46,0.10741703700114158,1,1,1,30,0.2675551772117615,task_success_while_recovery_active_per_intervention,True,False,,custom,0.2,False
REIM (ACT + Detector + Recovery),4,7000046,metaworld,True,54,0.12559254500229144,0,0,0,0,0.17543932795524597,task_success_while_recovery_active_per_intervention,True,False,,custom,0.2,False
REIM (ACT + Detector + Recovery),5,7000047,metaworld,True,57,0.13450761400235933,0,0,0,0,0.15918567776679993,task_success_while_recovery_active_per_intervention,True,False,,custom,0.2,False
REIM (ACT + Detector + Recovery),6,7000048,metaworld,True,55,0.13039996500083362,1,1,1,45,0.21542277932167053,task_success_while_recovery_active_per_intervention,True,False,,custom,0.2,False
REIM (ACT + Detector + Recovery),7,7000049,metaworld,True,55,0.13019536800129572,1,1,1,34,0.2066878378391266,task_success_while_recovery_active_per_intervention,True,False,,custom,0.2,False
REIM (ACT + Detector + Recovery),8,7000050,metaworld,True,81,0.2230672660007258,1,1,1,72,0.2925887703895569,task_success_while_recovery_active_per_intervention,True,False,,custom,0.2,False
REIM (ACT + Detector + Recovery),9,7000051,metaworld,True,69,0.19071629200334428,1,1,1,37,0.22461843490600586,task_success_while_recovery_active_per_intervention,True,False,,custom,0.2,False
REIM (ACT + Detector + Recovery),10,7000052,metaworld,True,51,0.1392797199987399,0,0,0,0,0.13089080154895782,task_success_while_recovery_active_per_intervention,True,False,,custom,0.2,False
REIM (ACT + Detector + Recovery),11,7000053,metaworld,True,52,0.14326905899724807,0,0,0,0,0.18435904383659363,task_success_while_recovery_active_per_intervention,True,False,,custom,0.2,False
REIM (ACT + Detector + Recovery),12,7000054,metaworld,True,56,0.13645233100032783,1,1,1,40,0.4039407968521118,task_success_while_recovery_active_per_intervention,True,False,,custom,0.2,False
REIM (ACT + Detector + Recovery),13,7000055,metaworld,True,63,0.18362620499829063,0,0,0,0,0.18792960047721863,task_success_while_recovery_active_per_intervention,True,False,,custom,0.2,False
REIM (ACT + Detector + Recovery),14,7000056,metaworld,True,53,0.1479581120001967,1,1,1,36,0.2156914472579956,task_success_while_recovery_active_per_intervention,True,False,,custom,0.2,False
REIM (ACT + Detector + Recovery),15,7000057,metaworld,False,200,0.5565527719991223,1,0,1,150,0.9917235970497131,task_success_while_recovery_active_per_intervention,False,True,object_dropped,custom,0.2,False
REIM (ACT + Detector + Recovery),16,7000058,metaworld,False,200,0.5699146369988739,1,0,1,149,0.9708124399185181,task_success_while_recovery_active_per_intervention,False,True,timeout,custom,0.2,False
REIM (ACT + Detector + Recovery),17,7000059,metaworld,True,48,0.13123263600209611,0,0,0,0,0.181013286113739,task_success_while_recovery_active_per_intervention,True,False,,custom,0.2,False
REIM (ACT + Detector + Recovery),18,7000060,metaworld,True,53,0.14091055400058394,0,0,0,0,0.19289538264274597,task_success_while_recovery_active_per_intervention,True,False,,custom,0.2,False
REIM (ACT + Detector + Recovery),19,7000061,metaworld,True,52,0.1345797850008239,1,1,1,44,0.399961918592453,task_success_while_recovery_active_per_intervention,True,False,,custom,0.2,False
REIM (ACT + Detector + Recovery),20,7000062,metaworld,True,52,0.14169976500124903,0,0,0,0,0.1913243979215622,task_success_while_recovery_active_per_intervention,True,False,,custom,0.2,False
REIM (ACT + Detector + Recovery),21,7000063,metaworld,True,51,0.15072292300101253,1,1,1,35,0.30061033368110657,task_success_while_recovery_active_per_intervention,True,False,,custom,0.2,False
REIM (ACT + Detector + Recovery),22,7000064,metaworld,False,200,0.5533158869984618,1,0,1,150,0.9966681599617004,task_success_while_recovery_active_per_intervention,False,True,object_dropped,custom,0.2,False
REIM (ACT + Detector + Recovery),23,7000065,metaworld,True,53,0.15012765200299327,1,1,1,26,0.21329069137573242,task_success_while_recovery_active_per_intervention,True,False,,custom,0.2,False
REIM (ACT + Detector + Recovery),24,7000066,metaworld,True,66,0.18586809200132848,0,0,0,0,0.1891559362411499,task_success_while_recovery_active_per_intervention,True,False,,custom,0.2,False
REIM (ACT + Detector + Recovery),25,7000067,metaworld,True,52,0.14041371599887498,0,0,0,0,0.16577327251434326,task_success_while_recovery_active_per_intervention,True,False,,custom,0.2,False
REIM (ACT + Detector + Recovery),26,7000068,metaworld,True,51,0.15006096200158936,1,1,1,40,0.3375055193901062,task_success_while_recovery_active_per_intervention,True,False,,custom,0.2,False
REIM (ACT + Detector + Recovery),27,7000069,metaworld,True,50,0.12468149100095616,1,1,1,31,0.20651556551456451,task_success_while_recovery_active_per_intervention,True,False,,custom,0.2,False
REIM (ACT + Detector + Recovery),28,7000070,metaworld,True,49,0.12543140799971297,0,0,0,0,0.1707344353199005,task_success_while_recovery_active_per_intervention,True,False,,custom,0.2,False
REIM (ACT + Detector + Recovery),29,7000071,metaworld,True,51,0.1325077040019096,0,0,0,0,0.1550283282995224,task_success_while_recovery_active_per_intervention,True,False,,custom,0.2,False
REIM (ACT + Detector + Recovery),30,7000072,metaworld,True,60,0.16045069299798342,0,0,0,0,0.12687113881111145,task_success_while_recovery_active_per_intervention,True,False,,custom,0.2,False
REIM (ACT + Detector + Recovery),31,7000073,metaworld,True,52,0.15381427799729863,1,1,1,40,0.2557172477245331,task_success_while_recovery_active_per_intervention,True,False,,custom,0.2,False
REIM (ACT + Detector + Recovery),32,7000074,metaworld,True,51,0.14367848300025798,1,1,1,28,0.22706297039985657,task_success_while_recovery_active_per_intervention,True,False,,custom,0.2,False
REIM (ACT + Detector + Recovery),33,7000075,metaworld,True,53,0.15130173500074307,0,0,0,0,0.16075052320957184,task_success_while_recovery_active_per_intervention,True,False,,custom,0.2,False
REIM (ACT + Detector + Recovery),34,7000076,metaworld,True,52,0.1432006770010048,0,0,0,0,0.19380764663219452,task_success_while_recovery_active_per_intervention,True,False,,custom,0.2,False
REIM (ACT + Detector + Recovery),35,7000077,metaworld,True,58,0.15413083000021288,0,0,0,0,0.11262425780296326,task_success_while_recovery_active_per_intervention,True,False,,custom,0.2,False
REIM (ACT + Detector + Recovery),36,7000078,metaworld,True,54,0.15011258399681537,0,0,0,0,0.14506815373897552,task_success_while_recovery_active_per_intervention,True,False,,custom,0.2,False
REIM (ACT + Detector + Recovery),37,7000079,metaworld,True,52,0.13848764299837057,0,0,0,0,0.14342330396175385,task_success_while_recovery_active_per_intervention,True,False,,custom,0.2,False
REIM (ACT + Detector + Recovery),38,7000080,metaworld,True,53,0.14829300999917905,0,0,0,0,0.1616080105304718,task_success_while_recovery_active_per_intervention,True,False,,custom,0.2,False
REIM (ACT + Detector + Recovery),39,7000081,metaworld,True,56,0.15584895799838705,0,0,0,0,0.1820468306541443,task_success_while_recovery_active_per_intervention,True,False,,custom,0.2,False
REIM (ACT + Detector + Recovery),40,7000082,metaworld,True,50,0.13145454299956327,0,0,0,0,0.14386756718158722,task_success_while_recovery_active_per_intervention,True,False,,custom,0.2,False
REIM (ACT + Detector + Recovery),41,7000083,metaworld,True,58,0.14863300800061552,1,1,1,46,0.3332948088645935,task_success_while_recovery_active_per_intervention,True,False,,custom,0.2,False
REIM (ACT + Detector + Recovery),42,7000084,metaworld,True,56,0.1592850829983945,0,0,0,0,0.17981471121311188,task_success_while_recovery_active_per_intervention,True,False,,custom,0.2,False
REIM (ACT + Detector + Recovery),43,7000085,metaworld,True,58,0.15306476000114344,0,0,0,0,0.16797764599323273,task_success_while_recovery_active_per_intervention,True,False,,custom,0.2,False
REIM (ACT + Detector + Recovery),44,7000086,metaworld,True,61,0.16563146599946776,0,0,0,0,0.12720608711242676,task_success_while_recovery_active_per_intervention,True,False,,custom,0.2,False
REIM (ACT + Detector + Recovery),45,7000087,metaworld,True,53,0.15451582500099903,0,0,0,0,0.19762593507766724,task_success_while_recovery_active_per_intervention,True,False,,custom,0.2,False
REIM (ACT + Detector + Recovery),46,7000088,metaworld,True,44,0.12573732400051085,1,1,1,24,0.2003587782382965,task_success_while_recovery_active_per_intervention,True,False,,custom,0.2,False
REIM (ACT + Detector + Recovery),47,7000089,metaworld,True,51,0.14065506900078617,0,0,0,0,0.1299598217010498,task_success_while_recovery_active_per_intervention,True,False,,custom,0.2,False
REIM (ACT + Detector + Recovery),48,7000090,metaworld,True,51,0.13878542499878677,0,0,0,0,0.16195344924926758,task_success_while_recovery_active_per_intervention,True,False,,custom,0.2,False
REIM (ACT + Detector + Recovery),49,7000091,metaworld,True,60,0.1677223420010705,0,0,0,0,0.07764225453138351,task_success_while_recovery_active_per_intervention,True,False,,custom,0.2,False
REIM (ACT + Detector + Recovery),50,7000092,metaworld,True,49,0.13177098700180068,1,1,1,33,0.29829922318458557,task_success_while_recovery_active_per_intervention,True,False,,custom,0.2,False
REIM (ACT + Detector + Recovery),51,7000093,metaworld,True,53,0.148230731003423,0,0,0,0,0.14666493237018585,task_success_while_recovery_active_per_intervention,True,False,,custom,0.2,False
REIM (ACT + Detector + Recovery),52,7000094,metaworld,True,50,0.1327058839997335,0,0,0,0,0.1507810801267624,task_success_while_recovery_active_per_intervention,True,False,,custom,0.2,False
REIM (ACT + Detector + Recovery),53,7000095,metaworld,True,54,0.1487828389981587,0,0,0,0,0.18244454264640808,task_success_while_recovery_active_per_intervention,True,False,,custom,0.2,False
REIM (ACT + Detector + Recovery),54,7000096,metaworld,True,55,0.1540218090012786,1,1,1,30,0.2673194408416748,task_success_while_recovery_active_per_intervention,True,False,,custom,0.2,False
REIM (ACT + Detector + Recovery),55,7000097,metaworld,True,60,0.16177379900182132,1,1,1,47,0.22137735784053802,task_success_while_recovery_active_per_intervention,True,False,,custom,0.2,False
REIM (ACT + Detector + Recovery),56,7000098,metaworld,True,49,0.13338182200095616,0,0,0,0,0.1737837791442871,task_success_while_recovery_active_per_intervention,True,False,,custom,0.2,False
REIM (ACT + Detector + Recovery),57,7000099,metaworld,True,56,0.144911522998882,1,1,1,49,0.36322733759880066,task_success_while_recovery_active_per_intervention,True,False,,custom,0.2,False
REIM (ACT + Detector + Recovery),58,7000100,metaworld,True,56,0.15535685799841303,0,0,0,0,0.13840191066265106,task_success_while_recovery_active_per_intervention,True,False,,custom,0.2,False
REIM (ACT + Detector + Recovery),59,7000101,metaworld,True,52,0.13736658999914653,1,1,1,30,0.35312753915786743,task_success_while_recovery_active_per_intervention,True,False,,custom,0.2,False
REIM (ACT + Detector + Recovery),60,7000102,metaworld,True,55,0.15994650100037688,0,0,0,0,0.179863840341568,task_success_while_recovery_active_per_intervention,True,False,,custom,0.2,False
REIM (ACT + Detector + Recovery),61,7000103,metaworld,True,52,0.14607431599870324,1,1,1,39,0.2750028669834137,task_success_while_recovery_active_per_intervention,True,False,,custom,0.2,False
REIM (ACT + Detector + Recovery),62,7000104,metaworld,True,50,0.1371599240010255,0,0,0,0,0.1495426595211029,task_success_while_recovery_active_per_intervention,True,False,,custom,0.2,False
REIM (ACT + Detector + Recovery),63,7000105,metaworld,True,73,0.1862754900030268,1,1,1,43,0.2365238070487976,task_success_while_recovery_active_per_intervention,True,False,,custom,0.2,False
REIM (ACT + Detector + Recovery),64,7000106,metaworld,True,49,0.13770002800083603,1,1,1,38,0.23899288475513458,task_success_while_recovery_active_per_intervention,True,False,,custom,0.2,False
REIM (ACT + Detector + Recovery),65,7000107,metaworld,True,54,0.1521095649986819,0,0,0,0,0.14577563107013702,task_success_while_recovery_active_per_intervention,True,False,,custom,0.2,False
REIM (ACT + Detector + Recovery),66,7000108,metaworld,False,200,0.5742381860000023,1,0,1,150,0.9935010075569153,task_success_while_recovery_active_per_intervention,False,True,object_dropped,custom,0.2,False
REIM (ACT + Detector + Recovery),67,7000109,metaworld,True,49,0.1443405989994062,1,1,1,39,0.3007020652294159,task_success_while_recovery_active_per_intervention,True,False,,custom,0.2,False
REIM (ACT + Detector + Recovery),68,7000110,metaworld,True,58,0.1641484229985508,1,1,1,43,0.22792628407478333,task_success_while_recovery_active_per_intervention,True,False,,custom,0.2,False
REIM (ACT + Detector + Recovery),69,7000111,metaworld,False,200,0.5758811820014671,1,0,1,132,0.9989402890205383,task_success_while_recovery_active_per_intervention,False,True,object_dropped,custom,0.2,False
REIM (ACT + Detector + Recovery),70,7000112,metaworld,True,49,0.1429174740005692,1,1,1,40,0.29791155457496643,task_success_while_recovery_active_per_intervention,True,False,,custom,0.2,False
REIM (ACT + Detector + Recovery),71,7000113,metaworld,True,55,0.15762557000198285,0,0,0,0,0.13154993951320648,task_success_while_recovery_active_per_intervention,True,False,,custom,0.2,False
REIM (ACT + Detector + Recovery),72,7000114,metaworld,True,51,0.14692150300106732,0,0,0,0,0.1668088585138321,task_success_while_recovery_active_per_intervention,True,False,,custom,0.2,False
REIM (ACT + Detector + Recovery),73,7000115,metaworld,True,58,0.1566662430013821,0,0,0,0,0.1879887878894806,task_success_while_recovery_active_per_intervention,True,False,,custom,0.2,False
REIM (ACT + Detector + Recovery),74,7000116,metaworld,True,51,0.14387469700159272,0,0,0,0,0.17589543759822845,task_success_while_recovery_active_per_intervention,True,False,,custom,0.2,False
REIM (ACT + Detector + Recovery),75,7000117,metaworld,False,200,0.659706147001998,1,0,1,150,0.994625985622406,task_success_while_recovery_active_per_intervention,False,True,object_dropped,custom,0.2,False
REIM (ACT + Detector + Recovery),76,7000118,metaworld,False,200,0.5848863530009112,1,0,1,141,0.9985682964324951,task_success_while_recovery_active_per_intervention,False,True,object_dropped,custom,0.2,False
REIM (ACT + Detector + Recovery),77,7000119,metaworld,True,57,0.15978792299938505,0,0,0,0,0.16940930485725403,task_success_while_recovery_active_per_intervention,True,False,,custom,0.2,False
REIM (ACT + Detector + Recovery),78,7000120,metaworld,True,52,0.1382110280028428,1,1,1,30,0.2065620720386505,task_success_while_recovery_active_per_intervention,True,False,,custom,0.2,False
REIM (ACT + Detector + Recovery),79,7000121,metaworld,False,200,0.5057011850003619,1,0,1,149,0.9442958831787109,task_success_while_recovery_active_per_intervention,False,True,timeout,custom,0.2,False
REIM (ACT + Detector + Recovery),80,7000122,metaworld,False,200,0.46791134500017506,1,0,1,150,0.9991310238838196,task_success_while_recovery_active_per_intervention,False,True,object_dropped,custom,0.2,False
REIM (ACT + Detector + Recovery),81,7000123,metaworld,True,52,0.12322708400097326,1,1,1,31,0.20641662180423737,task_success_while_recovery_active_per_intervention,True,False,,custom,0.2,False
REIM (ACT + Detector + Recovery),82,7000124,metaworld,True,54,0.12788444599937066,1,1,1,44,0.3316587507724762,task_success_while_recovery_active_per_intervention,True,False,,custom,0.2,False
REIM (ACT + Detector + Recovery),83,7000125,metaworld,True,54,0.1244198360000155,1,1,1,34,0.20926640927791595,task_success_while_recovery_active_per_intervention,True,False,,custom,0.2,False
REIM (ACT + Detector + Recovery),84,7000126,metaworld,True,56,0.15766317599991453,0,0,0,0,0.14741720259189606,task_success_while_recovery_active_per_intervention,True,False,,custom,0.2,False
REIM (ACT + Detector + Recovery),85,7000127,metaworld,False,200,0.5571206860004168,1,0,1,150,0.9970249533653259,task_success_while_recovery_active_per_intervention,False,True,object_dropped,custom,0.2,False
REIM (ACT + Detector + Recovery),86,7000128,metaworld,True,50,0.12973803899876657,0,0,0,0,0.1724344938993454,task_success_while_recovery_active_per_intervention,True,False,,custom,0.2,False
REIM (ACT + Detector + Recovery),87,7000129,metaworld,True,57,0.15383533999920473,0,0,0,0,0.14464838802814484,task_success_while_recovery_active_per_intervention,True,False,,custom,0.2,False
REIM (ACT + Detector + Recovery),88,7000130,metaworld,True,65,0.1736560389981605,1,1,1,54,0.38142478466033936,task_success_while_recovery_active_per_intervention,True,False,,custom,0.2,False
REIM (ACT + Detector + Recovery),89,7000131,metaworld,True,49,0.14629373599746032,1,1,1,38,0.29057371616363525,task_success_while_recovery_active_per_intervention,True,False,,custom,0.2,False
REIM (ACT + Detector + Recovery),90,7000132,metaworld,True,50,0.135962942000333,0,0,0,0,0.13657377660274506,task_success_while_recovery_active_per_intervention,True,False,,custom,0.2,False
REIM (ACT + Detector + Recovery),91,7000133,metaworld,False,200,0.552111168999545,1,0,1,150,0.9965513944625854,task_success_while_recovery_active_per_intervention,False,True,object_dropped,custom,0.2,False
REIM (ACT + Detector + Recovery),92,7000134,metaworld,True,51,0.13330475900147576,1,1,1,42,0.34622034430503845,task_success_while_recovery_active_per_intervention,True,False,,custom,0.2,False
REIM (ACT + Detector + Recovery),93,7000135,metaworld,True,56,0.15968143500140286,0,0,0,0,0.1568797528743744,task_success_while_recovery_active_per_intervention,True,False,,custom,0.2,False
REIM (ACT + Detector + Recovery),94,7000136,metaworld,True,76,0.21638210899982369,1,1,1,61,0.27774450182914734,task_success_while_recovery_active_per_intervention,True,False,,custom,0.2,False
REIM (ACT + Detector + Recovery),95,7000137,metaworld,True,51,0.13786871900083497,1,1,1,29,0.21305006742477417,task_success_while_recovery_active_per_intervention,True,False,,custom,0.2,False
REIM (ACT + Detector + Recovery),96,7000138,metaworld,True,53,0.1474973280019185,0,0,0,0,0.13644377887248993,task_success_while_recovery_active_per_intervention,True,False,,custom,0.2,False
REIM (ACT + Detector + Recovery),97,7000139,metaworld,True,55,0.15232719300183817,0,0,0,0,0.14064429700374603,task_success_while_recovery_active_per_intervention,True,False,,custom,0.2,False
REIM (ACT + Detector + Recovery),98,7000140,metaworld,True,53,0.1570184350021009,1,1,1,38,0.281852662563324,task_success_while_recovery_active_per_intervention,True,False,,custom,0.2,False
REIM (ACT + Detector + Recovery),99,7000141,metaworld,True,59,0.1709668559997226,0,0,0,0,0.17739324271678925,task_success_while_recovery_active_per_intervention,True,False,,custom,0.2,False
REIM (ACT + Detector + Recovery),100,7000142,metaworld,True,52,0.14091193599961116,1,1,1,29,0.22165215015411377,task_success_while_recovery_active_per_intervention,True,False,,custom,0.2,False
REIM (ACT + Detector + Recovery),101,7000143,metaworld,True,54,0.1689649139989342,1,1,1,41,0.2938879430294037,task_success_while_recovery_active_per_intervention,True,False,,custom,0.2,False
REIM (ACT + Detector + Recovery),102,7000144,metaworld,True,54,0.15343025399852195,0,0,0,0,0.08605267852544785,task_success_while_recovery_active_per_intervention,True,False,,custom,0.2,False
REIM (ACT + Detector + Recovery),103,7000145,metaworld,True,48,0.13960797099935007,1,1,1,40,0.32543519139289856,task_success_while_recovery_active_per_intervention,True,False,,custom,0.2,False
REIM (ACT + Detector + Recovery),104,7000146,metaworld,True,54,0.15482287000122597,0,0,0,0,0.16625478863716125,task_success_while_recovery_active_per_intervention,True,False,,custom,0.2,False
REIM (ACT + Detector + Recovery),105,7000147,metaworld,True,50,0.1439485360024264,0,0,0,0,0.1355077475309372,task_success_while_recovery_active_per_intervention,True,False,,custom,0.2,False
REIM (ACT + Detector + Recovery),106,7000148,metaworld,False,200,0.5621213360027468,1,0,1,138,0.9594936370849609,task_success_while_recovery_active_per_intervention,False,True,timeout,custom,0.2,False
REIM (ACT + Detector + Recovery),107,7000149,metaworld,True,50,0.13380329200299457,0,0,0,0,0.12252035737037659,task_success_while_recovery_active_per_intervention,True,False,,custom,0.2,False
REIM (ACT + Detector + Recovery),108,7000150,metaworld,True,50,0.1336138660008146,0,0,0,0,0.18237687647342682,task_success_while_recovery_active_per_intervention,True,False,,custom,0.2,False
REIM (ACT + Detector + Recovery),109,7000151,metaworld,True,52,0.14240998500099522,1,1,1,34,0.22034768760204315,task_success_while_recovery_active_per_intervention,True,False,,custom,0.2,False
REIM (ACT + Detector + Recovery),110,7000152,metaworld,True,55,0.14406881199829513,0,0,0,0,0.16967947781085968,task_success_while_recovery_active_per_intervention,True,False,,custom,0.2,False
REIM (ACT + Detector + Recovery),111,7000153,metaworld,True,51,0.11844612799905008,1,1,1,37,0.25260695815086365,task_success_while_recovery_active_per_intervention,True,False,,custom,0.2,False
REIM (ACT + Detector + Recovery),112,7000154,metaworld,True,53,0.12256351999894832,1,1,1,39,0.26558059453964233,task_success_while_recovery_active_per_intervention,True,False,,custom,0.2,False
REIM (ACT + Detector + Recovery),113,7000155,metaworld,False,200,0.4640620559985109,1,0,1,142,0.9987674951553345,task_success_while_recovery_active_per_intervention,False,True,object_dropped,custom,0.2,False
REIM (ACT + Detector + Recovery),114,7000156,metaworld,True,54,0.1239117549994262,1,1,1,37,0.20270676910877228,task_success_while_recovery_active_per_intervention,True,False,,custom,0.2,False
REIM (ACT + Detector + Recovery),115,7000157,metaworld,True,52,0.12477964799836627,0,0,0,0,0.16995127499103546,task_success_while_recovery_active_per_intervention,True,False,,custom,0.2,False
REIM (ACT + Detector + Recovery),116,7000158,metaworld,True,53,0.12196345499978634,1,1,1,30,0.25711262226104736,task_success_while_recovery_active_per_intervention,True,False,,custom,0.2,False
REIM (ACT + Detector + Recovery),117,7000159,metaworld,True,57,0.15864316300212522,0,0,0,0,0.1496858447790146,task_success_while_recovery_active_per_intervention,True,False,,custom,0.2,False
REIM (ACT + Detector + Recovery),118,7000160,metaworld,True,53,0.143645280997589,0,0,0,0,0.16551917791366577,task_success_while_recovery_active_per_intervention,True,False,,custom,0.2,False
REIM (ACT + Detector + Recovery),119,7000161,metaworld,True,53,0.1441098229988711,1,1,1,44,0.31389591097831726,task_success_while_recovery_active_per_intervention,True,False,,custom,0.2,False
REIM (ACT + Detector + Recovery),120,7000162,metaworld,True,51,0.1333396959998936,0,0,0,0,0.14251551032066345,task_success_while_recovery_active_per_intervention,True,False,,custom,0.2,False
REIM (ACT + Detector + Recovery),121,7000163,metaworld,True,60,0.1690037089974794,0,0,0,0,0.13919121026992798,task_success_while_recovery_active_per_intervention,True,False,,custom,0.2,False
REIM (ACT + Detector + Recovery),122,7000164,metaworld,False,200,0.5737076639998122,1,0,1,150,0.8786393404006958,task_success_while_recovery_active_per_intervention,False,True,timeout,custom,0.2,False
REIM (ACT + Detector + Recovery),123,7000165,metaworld,True,60,0.17479056500087609,1,1,1,42,0.2136813849210739,task_success_while_recovery_active_per_intervention,True,False,,custom,0.2,False
REIM (ACT + Detector + Recovery),124,7000166,metaworld,False,200,0.5726771640001971,1,0,1,150,0.9982214570045471,task_success_while_recovery_active_per_intervention,False,True,object_dropped,custom,0.2,False
REIM (ACT + Detector + Recovery),125,7000167,metaworld,True,56,0.15116931900047348,0,0,0,0,0.18922273814678192,task_success_while_recovery_active_per_intervention,True,False,,custom,0.2,False
REIM (ACT + Detector + Recovery),126,7000168,metaworld,True,54,0.14769024099950911,1,1,1,43,0.2144699990749359,task_success_while_recovery_active_per_intervention,True,False,,custom,0.2,False
REIM (ACT + Detector + Recovery),127,7000169,metaworld,True,49,0.131960580998566,1,1,1,43,0.5928722620010376,task_success_while_recovery_active_per_intervention,True,False,,custom,0.2,False
REIM (ACT + Detector + Recovery),128,7000170,metaworld,True,54,0.14357402799942065,0,0,0,0,0.1485106647014618,task_success_while_recovery_active_per_intervention,True,False,,custom,0.2,False
REIM (ACT + Detector + Recovery),129,7000171,metaworld,True,48,0.13386477699896204,1,1,1,32,0.24252018332481384,task_success_while_recovery_active_per_intervention,True,False,,custom,0.2,False
REIM (ACT + Detector + Recovery),130,7000172,metaworld,False,200,0.5396263559996441,1,0,1,150,0.9981694221496582,task_success_while_recovery_active_per_intervention,False,True,timeout,custom,0.2,False
REIM (ACT + Detector + Recovery),131,7000173,metaworld,False,200,0.4705052489989612,1,0,1,150,0.9856812953948975,task_success_while_recovery_active_per_intervention,False,True,timeout,custom,0.2,False
REIM (ACT + Detector + Recovery),132,7000174,metaworld,True,57,0.1341644690000976,0,0,0,0,0.12221283465623856,task_success_while_recovery_active_per_intervention,True,False,,custom,0.2,False
REIM (ACT + Detector + Recovery),133,7000175,metaworld,True,52,0.12293785499787191,1,1,1,40,0.3183691203594208,task_success_while_recovery_active_per_intervention,True,False,,custom,0.2,False
REIM (ACT + Detector + Recovery),134,7000176,metaworld,True,47,0.10785757300254772,1,1,1,33,0.367359459400177,task_success_while_recovery_active_per_intervention,True,False,,custom,0.2,False
REIM (ACT + Detector + Recovery),135,7000177,metaworld,True,68,0.15977734199987026,1,1,1,58,0.4244995713233948,task_success_while_recovery_active_per_intervention,True,False,,custom,0.2,False
REIM (ACT + Detector + Recovery),136,7000178,metaworld,True,53,0.15037092099737492,0,0,0,0,0.1673576533794403,task_success_while_recovery_active_per_intervention,True,False,,custom,0.2,False
REIM (ACT + Detector + Recovery),137,7000179,metaworld,True,53,0.14911447299891734,1,1,1,32,0.22966259717941284,task_success_while_recovery_active_per_intervention,True,False,,custom,0.2,False
REIM (ACT + Detector + Recovery),138,7000180,metaworld,True,55,0.15869043700149632,0,0,0,0,0.12870527803897858,task_success_while_recovery_active_per_intervention,True,False,,custom,0.2,False
REIM (ACT + Detector + Recovery),139,7000181,metaworld,True,53,0.15492490500037093,0,0,0,0,0.19894759356975555,task_success_while_recovery_active_per_intervention,True,False,,custom,0.2,False
REIM (ACT + Detector + Recovery),140,7000182,metaworld,True,54,0.14819830999840633,1,1,1,44,0.2292327582836151,task_success_while_recovery_active_per_intervention,True,False,,custom,0.2,False
REIM (ACT + Detector + Recovery),141,7000183,metaworld,True,51,0.139152774001559,1,1,1,34,0.3418189585208893,task_success_while_recovery_active_per_intervention,True,False,,custom,0.2,False
REIM (ACT + Detector + Recovery),142,7000184,metaworld,False,200,0.5503464319990599,1,0,1,137,0.9991850256919861,task_success_while_recovery_active_per_intervention,False,True,timeout,custom,0.2,False
REIM (ACT + Detector + Recovery),143,7000185,metaworld,False,200,0.5325093049978022,1,0,1,150,0.9966064691543579,task_success_while_recovery_active_per_intervention,False,True,timeout,custom,0.2,False
REIM (ACT + Detector + Recovery),144,7000186,metaworld,False,200,0.5346477489983954,1,0,1,142,0.9809918999671936,task_success_while_recovery_active_per_intervention,False,True,timeout,custom,0.2,False
REIM (ACT + Detector + Recovery),145,7000187,metaworld,False,200,0.4678334089985583,1,0,1,149,0.9907867312431335,task_success_while_recovery_active_per_intervention,False,True,object_dropped,custom,0.2,False
REIM (ACT + Detector + Recovery),146,7000188,metaworld,True,57,0.13524995199986733,0,0,0,0,0.14252468943595886,task_success_while_recovery_active_per_intervention,True,False,,custom,0.2,False
REIM (ACT + Detector + Recovery),147,7000189,metaworld,True,60,0.14221376099885674,0,0,0,0,0.10069606453180313,task_success_while_recovery_active_per_intervention,True,False,,custom,0.2,False
REIM (ACT + Detector + Recovery),148,7000190,metaworld,True,50,0.12236446499809972,1,1,1,40,0.24260732531547546,task_success_while_recovery_active_per_intervention,True,False,,custom,0.2,False
REIM (ACT + Detector + Recovery),149,7000191,metaworld,True,52,0.15868072699959157,0,0,0,0,0.13280268013477325,task_success_while_recovery_active_per_intervention,True,False,,custom,0.2,False
REIM (ACT + Detector + Recovery),150,7000192,metaworld,True,50,0.15774567499829573,0,0,0,0,0.18407228589057922,task_success_while_recovery_active_per_intervention,True,False,,custom,0.2,False
REIM (ACT + Detector + Recovery),151,7000193,metaworld,True,55,0.15524264899795526,1,1,1,33,0.2088116705417633,task_success_while_recovery_active_per_intervention,True,False,,custom,0.2,False
REIM (ACT + Detector + Recovery),152,7000194,metaworld,True,47,0.12798824299898115,1,1,1,31,0.3294641077518463,task_success_while_recovery_active_per_intervention,True,False,,custom,0.2,False
REIM (ACT + Detector + Recovery),153,7000195,metaworld,False,200,0.5562096339999698,1,0,1,150,0.9913370609283447,task_success_while_recovery_active_per_intervention,False,True,object_dropped,custom,0.2,False
REIM (ACT + Detector + Recovery),154,7000196,metaworld,True,60,0.16881797600217396,0,0,0,0,0.12501299381256104,task_success_while_recovery_active_per_intervention,True,False,,custom,0.2,False
REIM (ACT + Detector + Recovery),155,7000197,metaworld,True,48,0.13125690200104145,1,1,1,28,0.27126485109329224,task_success_while_recovery_active_per_intervention,True,False,,custom,0.2,False
REIM (ACT + Detector + Recovery),156,7000198,metaworld,True,48,0.1319101139997656,1,1,1,30,0.3264893889427185,task_success_while_recovery_active_per_intervention,True,False,,custom,0.2,False
REIM (ACT + Detector + Recovery),157,7000199,metaworld,True,54,0.15029412800140562,0,0,0,0,0.1657623052597046,task_success_while_recovery_active_per_intervention,True,False,,custom,0.2,False
REIM (ACT + Detector + Recovery),158,7000200,metaworld,True,55,0.1488380730006611,0,0,0,0,0.18382589519023895,task_success_while_recovery_active_per_intervention,True,False,,custom,0.2,False
REIM (ACT + Detector + Recovery),159,7000201,metaworld,True,52,0.1427132860007987,1,1,1,33,0.22650107741355896,task_success_while_recovery_active_per_intervention,True,False,,custom,0.2,False
REIM (ACT + Detector + Recovery),160,7000202,metaworld,True,54,0.15505316100097843,0,0,0,0,0.14168739318847656,task_success_while_recovery_active_per_intervention,True,False,,custom,0.2,False
REIM (ACT + Detector + Recovery),161,7000203,metaworld,True,58,0.1526315800001612,1,1,1,38,0.2793000042438507,task_success_while_recovery_active_per_intervention,True,False,,custom,0.2,False
REIM (ACT + Detector + Recovery),162,7000204,metaworld,True,55,0.14785140599997249,0,0,0,0,0.11050596833229065,task_success_while_recovery_active_per_intervention,True,False,,custom,0.2,False
REIM (ACT + Detector + Recovery),163,7000205,metaworld,True,47,0.12073243999839178,0,0,0,0,0.1818174123764038,task_success_while_recovery_active_per_intervention,True,False,,custom,0.2,False
REIM (ACT + Detector + Recovery),164,7000206,metaworld,True,52,0.12225858699821401,0,0,0,0,0.1313997507095337,task_success_while_recovery_active_per_intervention,True,False,,custom,0.2,False
REIM (ACT + Detector + Recovery),165,7000207,metaworld,True,51,0.12000799200177426,0,0,0,0,0.13494619727134705,task_success_while_recovery_active_per_intervention,True,False,,custom,0.2,False
REIM (ACT + Detector + Recovery),166,7000208,metaworld,True,57,0.13663591899967287,0,0,0,0,0.1789969652891159,task_success_while_recovery_active_per_intervention,True,False,,custom,0.2,False
REIM (ACT + Detector + Recovery),167,7000209,metaworld,True,54,0.12820533199919737,0,0,0,0,0.1625939905643463,task_success_while_recovery_active_per_intervention,True,False,,custom,0.2,False
REIM (ACT + Detector + Recovery),168,7000210,metaworld,True,45,0.11034826700051781,0,0,0,0,0.1792750507593155,task_success_while_recovery_active_per_intervention,True,False,,custom,0.2,False
REIM (ACT + Detector + Recovery),169,7000211,metaworld,True,55,0.14114605500071775,0,0,0,0,0.14021055400371552,task_success_while_recovery_active_per_intervention,True,False,,custom,0.2,False
REIM (ACT + Detector + Recovery),170,7000212,metaworld,True,55,0.1438521550007863,0,0,0,0,0.10041584819555283,task_success_while_recovery_active_per_intervention,True,False,,custom,0.2,False
REIM (ACT + Detector + Recovery),171,7000213,metaworld,True,51,0.14466847999938182,1,1,1,41,0.31443649530410767,task_success_while_recovery_active_per_intervention,True,False,,custom,0.2,False
REIM (ACT + Detector + Recovery),172,7000214,metaworld,True,51,0.1569721230007417,0,0,0,0,0.18080458045005798,task_success_while_recovery_active_per_intervention,True,False,,custom,0.2,False
REIM (ACT + Detector + Recovery),173,7000215,metaworld,False,200,0.5518885860001319,1,0,1,150,0.9991989731788635,task_success_while_recovery_active_per_intervention,False,True,timeout,custom,0.2,False
REIM (ACT + Detector + Recovery),174,7000216,metaworld,True,52,0.13937251000243123,0,0,0,0,0.14509044587612152,task_success_while_recovery_active_per_intervention,True,False,,custom,0.2,False
REIM (ACT + Detector + Recovery),175,7000217,metaworld,True,49,0.11991104499975336,0,0,0,0,0.14560134708881378,task_success_while_recovery_active_per_intervention,True,False,,custom,0.2,False
REIM (ACT + Detector + Recovery),176,7000218,metaworld,True,53,0.12573089500074275,0,0,0,0,0.14480024576187134,task_success_while_recovery_active_per_intervention,True,False,,custom,0.2,False
REIM (ACT + Detector + Recovery),177,7000219,metaworld,True,53,0.11927109300086158,0,0,0,0,0.12815752625465393,task_success_while_recovery_active_per_intervention,True,False,,custom,0.2,False
REIM (ACT + Detector + Recovery),178,7000220,metaworld,True,57,0.1335229780015652,0,0,0,0,0.15158991515636444,task_success_while_recovery_active_per_intervention,True,False,,custom,0.2,False
REIM (ACT + Detector + Recovery),179,7000221,metaworld,False,200,0.462807725998573,1,0,1,36,0.892978310585022,task_success_while_recovery_active_per_intervention,False,True,timeout,custom,0.2,False
REIM (ACT + Detector + Recovery),180,7000222,metaworld,True,55,0.13456641900120303,0,0,0,0,0.12320563942193985,task_success_while_recovery_active_per_intervention,True,False,,custom,0.2,False
REIM (ACT + Detector + Recovery),181,7000223,metaworld,True,51,0.119502816000022,0,0,0,0,0.15973889827728271,task_success_while_recovery_active_per_intervention,True,False,,custom,0.2,False
REIM (ACT + Detector + Recovery),182,7000224,metaworld,True,52,0.12459593699895777,0,0,0,0,0.18203105032444,task_success_while_recovery_active_per_intervention,True,False,,custom,0.2,False
REIM (ACT + Detector + Recovery),183,7000225,metaworld,True,54,0.1286449809995247,1,1,1,42,0.34511998295783997,task_success_while_recovery_active_per_intervention,True,False,,custom,0.2,False
REIM (ACT + Detector + Recovery),184,7000226,metaworld,False,200,0.4671106219975627,1,0,1,150,0.988534152507782,task_success_while_recovery_active_per_intervention,False,True,timeout,custom,0.2,False
REIM (ACT + Detector + Recovery),185,7000227,metaworld,True,51,0.11576334900018992,0,0,0,0,0.15421651303768158,task_success_while_recovery_active_per_intervention,True,False,,custom,0.2,False
REIM (ACT + Detector + Recovery),186,7000228,metaworld,True,51,0.11714371699781623,0,0,0,0,0.15085475146770477,task_success_while_recovery_active_per_intervention,True,False,,custom,0.2,False
REIM (ACT + Detector + Recovery),187,7000229,metaworld,True,53,0.12432857500243699,0,0,0,0,0.0967194139957428,task_success_while_recovery_active_per_intervention,True,False,,custom,0.2,False
REIM (ACT + Detector + Recovery),188,7000230,metaworld,False,200,0.4601253800028644,1,0,1,144,0.9828850030899048,task_success_while_recovery_active_per_intervention,False,True,object_dropped,custom,0.2,False
REIM (ACT + Detector + Recovery),189,7000231,metaworld,True,51,0.11233492099927389,1,1,1,41,0.3118920624256134,task_success_while_recovery_active_per_intervention,True,False,,custom,0.2,False
REIM (ACT + Detector + Recovery),190,7000232,metaworld,True,54,0.12640793100217707,0,0,0,0,0.17385679483413696,task_success_while_recovery_active_per_intervention,True,False,,custom,0.2,False
REIM (ACT + Detector + Recovery),191,7000233,metaworld,True,52,0.12110645999928238,0,0,0,0,0.18930566310882568,task_success_while_recovery_active_per_intervention,True,False,,custom,0.2,False
REIM (ACT + Detector + Recovery),192,7000234,metaworld,True,49,0.10500696100280038,1,1,1,29,0.26815271377563477,task_success_while_recovery_active_per_intervention,True,False,,custom,0.2,False
REIM (ACT + Detector + Recovery),193,7000235,metaworld,False,200,0.43754235500091454,1,0,1,150,0.98138028383255,task_success_while_recovery_active_per_intervention,False,True,timeout,custom,0.2,False
REIM (ACT + Detector + Recovery),194,7000236,metaworld,True,50,0.10456389800310717,1,1,1,33,0.39368748664855957,task_success_while_recovery_active_per_intervention,True,False,,custom,0.2,False
REIM (ACT + Detector + Recovery),195,7000237,metaworld,True,53,0.1153232470023795,1,1,1,31,0.22057315707206726,task_success_while_recovery_active_per_intervention,True,False,,custom,0.2,False
REIM (ACT + Detector + Recovery),196,7000238,metaworld,True,69,0.1535619329988549,1,1,1,60,0.26550358533859253,task_success_while_recovery_active_per_intervention,True,False,,custom,0.2,False
REIM (ACT + Detector + Recovery),197,7000239,metaworld,True,56,0.121706648998952,1,1,1,33,0.20840473473072052,task_success_while_recovery_active_per_intervention,True,False,,custom,0.2,False
REIM (ACT + Detector + Recovery),198,7000240,metaworld,True,51,0.11289829400266171,1,1,1,29,0.20859217643737793,task_success_while_recovery_active_per_intervention,True,False,,custom,0.2,False
REIM (ACT + Detector + Recovery),199,7000241,metaworld,True,47,0.1071052890001738,1,1,1,38,0.2923424541950226,task_success_while_recovery_active_per_intervention,True,False,,custom,0.2,False
