method,episode,seed,backend,success,steps,elapsed_seconds,recovery_attempts,recovery_successes,detector_triggers,recovery_steps,failure_probability_max,recovery_definition,terminated,truncated,failure_reason,Profile,noise_level
REIM (ACT + Detector + Recovery),0,6000042,metaworld,True,50,0.5600317170010385,0,0,0,0,0.17666028439998627,task_success_while_recovery_active_per_intervention,True,False,,custom,0.2
REIM (ACT + Detector + Recovery),1,6000043,metaworld,True,51,0.22773760900054185,0,0,0,0,0.18855030834674835,task_success_while_recovery_active_per_intervention,True,False,,custom,0.2
REIM (ACT + Detector + Recovery),2,6000044,metaworld,True,65,0.42590330299935886,1,1,1,30,0.2029482126235962,task_success_while_recovery_active_per_intervention,True,False,,custom,0.2
REIM (ACT + Detector + Recovery),3,6000045,metaworld,True,55,0.5867031269990548,0,0,0,0,0.1590830236673355,task_success_while_recovery_active_per_intervention,True,False,,custom,0.2
REIM (ACT + Detector + Recovery),4,6000046,metaworld,True,54,0.8084031050002523,1,1,1,39,0.2078421413898468,task_success_while_recovery_active_per_intervention,True,False,,custom,0.2
REIM (ACT + Detector + Recovery),5,6000047,metaworld,True,52,0.5316400949996023,1,1,1,33,0.20451079308986664,task_success_while_recovery_active_per_intervention,True,False,,custom,0.2
REIM (ACT + Detector + Recovery),6,6000048,metaworld,True,56,0.3074182960008329,0,0,0,0,0.15030185878276825,task_success_while_recovery_active_per_intervention,True,False,,custom,0.2
REIM (ACT + Detector + Recovery),7,6000049,metaworld,True,54,0.6045532040006947,1,1,1,39,0.252267062664032,task_success_while_recovery_active_per_intervention,True,False,,custom,0.2
REIM (ACT + Detector + Recovery),8,6000050,metaworld,True,55,0.37433488100032264,0,0,0,0,0.1465797871351242,task_success_while_recovery_active_per_intervention,True,False,,custom,0.2
REIM (ACT + Detector + Recovery),9,6000051,metaworld,True,56,0.5810431179997977,1,1,1,36,0.20303675532341003,task_success_while_recovery_active_per_intervention,True,False,,custom,0.2
REIM (ACT + Detector + Recovery),10,6000052,metaworld,True,49,0.2617461820009339,1,1,1,30,0.20942427217960358,task_success_while_recovery_active_per_intervention,True,False,,custom,0.2
REIM (ACT + Detector + Recovery),11,6000053,metaworld,True,53,0.283666130999336,0,0,0,0,0.14510659873485565,task_success_while_recovery_active_per_intervention,True,False,,custom,0.2
REIM (ACT + Detector + Recovery),12,6000054,metaworld,False,200,2.276869692999753,1,0,1,150,0.9988510608673096,task_success_while_recovery_active_per_intervention,False,True,object_dropped,custom,0.2
REIM (ACT + Detector + Recovery),13,6000055,metaworld,True,53,0.28908672199941066,1,1,1,29,0.20265068113803864,task_success_while_recovery_active_per_intervention,True,False,,custom,0.2
REIM (ACT + Detector + Recovery),14,6000056,metaworld,True,58,0.3244348589996662,0,0,0,0,0.15852712094783783,task_success_while_recovery_active_per_intervention,True,False,,custom,0.2
REIM (ACT + Detector + Recovery),15,6000057,metaworld,True,45,0.4517609150007047,1,1,1,38,0.5034635066986084,task_success_while_recovery_active_per_intervention,True,False,,custom,0.2
REIM (ACT + Detector + Recovery),16,6000058,metaworld,True,56,0.54480908000005,1,1,1,38,0.2918922007083893,task_success_while_recovery_active_per_intervention,True,False,,custom,0.2
REIM (ACT + Detector + Recovery),17,6000059,metaworld,True,61,0.4093933990006917,1,1,1,42,0.2275463193655014,task_success_while_recovery_active_per_intervention,True,False,,custom,0.2
REIM (ACT + Detector + Recovery),18,6000060,metaworld,True,45,0.29841592800039507,1,1,1,31,0.35080814361572266,task_success_while_recovery_active_per_intervention,True,False,,custom,0.2
REIM (ACT + Detector + Recovery),19,6000061,metaworld,True,53,0.6314932029999909,1,1,1,39,0.20885534584522247,task_success_while_recovery_active_per_intervention,True,False,,custom,0.2
REIM (ACT + Detector + Recovery),20,6000062,metaworld,True,54,0.3377475940014847,0,0,0,0,0.18567954003810883,task_success_while_recovery_active_per_intervention,True,False,,custom,0.2
REIM (ACT + Detector + Recovery),21,6000063,metaworld,True,56,0.6039001080007438,1,1,1,37,0.24000802636146545,task_success_while_recovery_active_per_intervention,True,False,,custom,0.2
REIM (ACT + Detector + Recovery),22,6000064,metaworld,True,51,0.3747580689996539,0,0,0,0,0.1487804800271988,task_success_while_recovery_active_per_intervention,True,False,,custom,0.2
REIM (ACT + Detector + Recovery),23,6000065,metaworld,True,51,0.45454107299883617,1,1,1,38,0.2560744285583496,task_success_while_recovery_active_per_intervention,True,False,,custom,0.2
REIM (ACT + Detector + Recovery),24,6000066,metaworld,False,200,1.520216539998728,1,0,1,135,0.9985865354537964,task_success_while_recovery_active_per_intervention,False,True,object_dropped,custom,0.2
REIM (ACT + Detector + Recovery),25,6000067,metaworld,True,55,0.286396806999619,0,0,0,0,0.16984562575817108,task_success_while_recovery_active_per_intervention,True,False,,custom,0.2
REIM (ACT + Detector + Recovery),26,6000068,metaworld,True,56,0.3242818520011497,1,1,1,35,0.36202454566955566,task_success_while_recovery_active_per_intervention,True,False,,custom,0.2
REIM (ACT + Detector + Recovery),27,6000069,metaworld,False,200,2.5461474080002517,1,0,1,150,0.9963110089302063,task_success_while_recovery_active_per_intervention,False,True,timeout,custom,0.2
REIM (ACT + Detector + Recovery),28,6000070,metaworld,True,54,0.2746329710007558,0,0,0,0,0.1723783314228058,task_success_while_recovery_active_per_intervention,True,False,,custom,0.2
REIM (ACT + Detector + Recovery),29,6000071,metaworld,True,56,0.28221598800155334,0,0,0,0,0.15013714134693146,task_success_while_recovery_active_per_intervention,True,False,,custom,0.2
REIM (ACT + Detector + Recovery),30,6000072,metaworld,False,200,2.974762738998834,1,0,1,150,0.9893079400062561,task_success_while_recovery_active_per_intervention,False,True,timeout,custom,0.2
REIM (ACT + Detector + Recovery),31,6000073,metaworld,True,50,0.31004971400034265,0,0,0,0,0.1809110790491104,task_success_while_recovery_active_per_intervention,True,False,,custom,0.2
REIM (ACT + Detector + Recovery),32,6000074,metaworld,True,47,0.7172080190011911,1,1,1,33,0.2597091495990753,task_success_while_recovery_active_per_intervention,True,False,,custom,0.2
REIM (ACT + Detector + Recovery),33,6000075,metaworld,True,52,0.9488833129998966,1,1,1,41,0.2930806577205658,task_success_while_recovery_active_per_intervention,True,False,,custom,0.2
REIM (ACT + Detector + Recovery),34,6000076,metaworld,True,55,0.7525369220002176,1,1,1,41,0.3081681728363037,task_success_while_recovery_active_per_intervention,True,False,,custom,0.2
REIM (ACT + Detector + Recovery),35,6000077,metaworld,True,54,0.9991863349987398,1,1,1,38,0.28629833459854126,task_success_while_recovery_active_per_intervention,True,False,,custom,0.2
REIM (ACT + Detector + Recovery),36,6000078,metaworld,True,143,2.5652917600000364,1,1,1,124,0.3397628366947174,task_success_while_recovery_active_per_intervention,True,False,,custom,0.2
REIM (ACT + Detector + Recovery),37,6000079,metaworld,True,53,0.4880744920010329,1,1,1,33,0.24098411202430725,task_success_while_recovery_active_per_intervention,True,False,,custom,0.2
REIM (ACT + Detector + Recovery),38,6000080,metaworld,True,48,0.6618248740014678,1,1,1,29,0.22838111221790314,task_success_while_recovery_active_per_intervention,True,False,,custom,0.2
REIM (ACT + Detector + Recovery),39,6000081,metaworld,False,200,2.928970062001099,1,0,1,150,0.35897284746170044,task_success_while_recovery_active_per_intervention,False,True,timeout,custom,0.2
REIM (ACT + Detector + Recovery),40,6000082,metaworld,True,52,0.56083948199921,0,0,0,0,0.12540066242218018,task_success_while_recovery_active_per_intervention,True,False,,custom,0.2
REIM (ACT + Detector + Recovery),41,6000083,metaworld,True,57,1.0372911829999794,1,1,1,35,0.29493841528892517,task_success_while_recovery_active_per_intervention,True,False,,custom,0.2
REIM (ACT + Detector + Recovery),42,6000084,metaworld,True,54,0.8997260460000689,1,1,1,29,0.30629369616508484,task_success_while_recovery_active_per_intervention,True,False,,custom,0.2
REIM (ACT + Detector + Recovery),43,6000085,metaworld,True,54,0.4943237269999372,0,0,0,0,0.16346806287765503,task_success_while_recovery_active_per_intervention,True,False,,custom,0.2
REIM (ACT + Detector + Recovery),44,6000086,metaworld,True,53,0.7622130519994244,1,1,1,33,0.3123546540737152,task_success_while_recovery_active_per_intervention,True,False,,custom,0.2
REIM (ACT + Detector + Recovery),45,6000087,metaworld,True,53,0.491487908999261,0,0,0,0,0.19780844449996948,task_success_while_recovery_active_per_intervention,True,False,,custom,0.2
REIM (ACT + Detector + Recovery),46,6000088,metaworld,True,66,0.9868678029997682,1,1,1,52,0.3065299689769745,task_success_while_recovery_active_per_intervention,True,False,,custom,0.2
REIM (ACT + Detector + Recovery),47,6000089,metaworld,True,52,0.44163587000002735,0,0,0,0,0.11729240417480469,task_success_while_recovery_active_per_intervention,True,False,,custom,0.2
REIM (ACT + Detector + Recovery),48,6000090,metaworld,True,53,1.0494756829994003,1,1,1,43,0.36377960443496704,task_success_while_recovery_active_per_intervention,True,False,,custom,0.2
REIM (ACT + Detector + Recovery),49,6000091,metaworld,True,54,0.3686922249999043,0,0,0,0,0.17819233238697052,task_success_while_recovery_active_per_intervention,True,False,,custom,0.2
REIM (ACT + Detector + Recovery),50,6000092,metaworld,True,51,0.2950787039990246,0,0,0,0,0.12962710857391357,task_success_while_recovery_active_per_intervention,True,False,,custom,0.2
REIM (ACT + Detector + Recovery),51,6000093,metaworld,True,56,0.3572704870002781,0,0,0,0,0.19766594469547272,task_success_while_recovery_active_per_intervention,True,False,,custom,0.2
REIM (ACT + Detector + Recovery),52,6000094,metaworld,True,51,0.7904866009994294,1,1,1,41,0.36169204115867615,task_success_while_recovery_active_per_intervention,True,False,,custom,0.2
REIM (ACT + Detector + Recovery),53,6000095,metaworld,False,200,2.2229401640015567,1,0,1,150,0.9899887442588806,task_success_while_recovery_active_per_intervention,False,True,object_dropped,custom,0.2
REIM (ACT + Detector + Recovery),54,6000096,metaworld,True,64,0.9408332860002702,1,1,1,48,0.3470139503479004,task_success_while_recovery_active_per_intervention,True,False,,custom,0.2
REIM (ACT + Detector + Recovery),55,6000097,metaworld,True,51,0.7505000359997211,1,1,1,43,0.4120008647441864,task_success_while_recovery_active_per_intervention,True,False,,custom,0.2
REIM (ACT + Detector + Recovery),56,6000098,metaworld,True,45,0.5840277849983977,1,1,1,23,0.20386981964111328,task_success_while_recovery_active_per_intervention,True,False,,custom,0.2
REIM (ACT + Detector + Recovery),57,6000099,metaworld,True,52,0.7919271560003835,1,1,1,43,0.3943820893764496,task_success_while_recovery_active_per_intervention,True,False,,custom,0.2
REIM (ACT + Detector + Recovery),58,6000100,metaworld,True,52,0.4743101399999432,0,0,0,0,0.17486198246479034,task_success_while_recovery_active_per_intervention,True,False,,custom,0.2
REIM (ACT + Detector + Recovery),59,6000101,metaworld,False,200,3.821312856000077,1,0,1,150,0.9977641105651855,task_success_while_recovery_active_per_intervention,False,True,object_dropped,custom,0.2
REIM (ACT + Detector + Recovery),60,6000102,metaworld,True,43,0.5511341040000843,1,1,1,35,0.2937302589416504,task_success_while_recovery_active_per_intervention,True,False,,custom,0.2
REIM (ACT + Detector + Recovery),61,6000103,metaworld,True,49,0.47010764900005597,1,1,1,28,0.20663240551948547,task_success_while_recovery_active_per_intervention,True,False,,custom,0.2
REIM (ACT + Detector + Recovery),62,6000104,metaworld,True,58,0.46330104699882213,0,0,0,0,0.165674090385437,task_success_while_recovery_active_per_intervention,True,False,,custom,0.2
REIM (ACT + Detector + Recovery),63,6000105,metaworld,True,50,0.42310118100067484,0,0,0,0,0.16312167048454285,task_success_while_recovery_active_per_intervention,True,False,,custom,0.2
REIM (ACT + Detector + Recovery),64,6000106,metaworld,True,52,0.24979267400158278,0,0,0,0,0.10022587329149246,task_success_while_recovery_active_per_intervention,True,False,,custom,0.2
REIM (ACT + Detector + Recovery),65,6000107,metaworld,True,62,0.5391470989998197,0,0,0,0,0.1661897450685501,task_success_while_recovery_active_per_intervention,True,False,,custom,0.2
REIM (ACT + Detector + Recovery),66,6000108,metaworld,True,51,0.3712568470000406,0,0,0,0,0.13331063091754913,task_success_while_recovery_active_per_intervention,True,False,,custom,0.2
REIM (ACT + Detector + Recovery),67,6000109,metaworld,True,53,0.28440180200050236,0,0,0,0,0.1345893293619156,task_success_while_recovery_active_per_intervention,True,False,,custom,0.2
REIM (ACT + Detector + Recovery),68,6000110,metaworld,True,57,0.4959751940004935,0,0,0,0,0.07865229994058609,task_success_while_recovery_active_per_intervention,True,False,,custom,0.2
REIM (ACT + Detector + Recovery),69,6000111,metaworld,True,57,1.2287372169994342,1,1,1,40,0.24405688047409058,task_success_while_recovery_active_per_intervention,True,False,,custom,0.2
REIM (ACT + Detector + Recovery),70,6000112,metaworld,True,52,0.5501823430004151,0,0,0,0,0.18941468000411987,task_success_while_recovery_active_per_intervention,True,False,,custom,0.2
REIM (ACT + Detector + Recovery),71,6000113,metaworld,True,54,0.9171112779986288,1,1,1,40,0.25535476207733154,task_success_while_recovery_active_per_intervention,True,False,,custom,0.2
REIM (ACT + Detector + Recovery),72,6000114,metaworld,True,44,0.7273162580004282,1,1,1,37,0.5011609196662903,task_success_while_recovery_active_per_intervention,True,False,,custom,0.2
REIM (ACT + Detector + Recovery),73,6000115,metaworld,False,200,2.6967547750009544,1,0,1,146,0.9706386923789978,task_success_while_recovery_active_per_intervention,False,True,timeout,custom,0.2
REIM (ACT + Detector + Recovery),74,6000116,metaworld,True,55,0.7443431970004895,1,1,1,30,0.20115229487419128,task_success_while_recovery_active_per_intervention,True,False,,custom,0.2
REIM (ACT + Detector + Recovery),75,6000117,metaworld,True,57,0.8595697470009327,1,1,1,34,0.2038663625717163,task_success_while_recovery_active_per_intervention,True,False,,custom,0.2
REIM (ACT + Detector + Recovery),76,6000118,metaworld,False,200,2.968136207000498,1,0,1,150,0.9874731302261353,task_success_while_recovery_active_per_intervention,False,True,object_dropped,custom,0.2
REIM (ACT + Detector + Recovery),77,6000119,metaworld,True,58,0.7549742930004868,1,1,1,28,0.21347589790821075,task_success_while_recovery_active_per_intervention,True,False,,custom,0.2
REIM (ACT + Detector + Recovery),78,6000120,metaworld,False,200,2.996758855000735,1,0,1,150,0.9956606030464172,task_success_while_recovery_active_per_intervention,False,True,object_dropped,custom,0.2
REIM (ACT + Detector + Recovery),79,6000121,metaworld,True,59,0.5476546239988238,0,0,0,0,0.14099189639091492,task_success_while_recovery_active_per_intervention,True,False,,custom,0.2
REIM (ACT + Detector + Recovery),80,6000122,metaworld,True,56,0.4406966860005923,0,0,0,0,0.1471080183982849,task_success_while_recovery_active_per_intervention,True,False,,custom,0.2
REIM (ACT + Detector + Recovery),81,6000123,metaworld,False,200,2.423314088000552,1,0,1,150,0.999430239200592,task_success_while_recovery_active_per_intervention,False,True,timeout,custom,0.2
REIM (ACT + Detector + Recovery),82,6000124,metaworld,True,53,0.6785700429991266,1,1,1,35,0.36771097779273987,task_success_while_recovery_active_per_intervention,True,False,,custom,0.2
REIM (ACT + Detector + Recovery),83,6000125,metaworld,True,48,0.8170112490006431,1,1,1,40,0.3605943024158478,task_success_while_recovery_active_per_intervention,True,False,,custom,0.2
REIM (ACT + Detector + Recovery),84,6000126,metaworld,True,56,0.4913627109999652,0,0,0,0,0.17012284696102142,task_success_while_recovery_active_per_intervention,True,False,,custom,0.2
REIM (ACT + Detector + Recovery),85,6000127,metaworld,True,50,0.8002960409994557,1,1,1,33,0.3471611738204956,task_success_while_recovery_active_per_intervention,True,False,,custom,0.2
REIM (ACT + Detector + Recovery),86,6000128,metaworld,True,62,0.4112049110008229,0,0,0,0,0.16528818011283875,task_success_while_recovery_active_per_intervention,True,False,,custom,0.2
REIM (ACT + Detector + Recovery),87,6000129,metaworld,True,52,0.3903297759989073,0,0,0,0,0.18156678974628448,task_success_while_recovery_active_per_intervention,True,False,,custom,0.2
REIM (ACT + Detector + Recovery),88,6000130,metaworld,True,60,0.3568435060005868,0,0,0,0,0.1098279282450676,task_success_while_recovery_active_per_intervention,True,False,,custom,0.2
REIM (ACT + Detector + Recovery),89,6000131,metaworld,True,43,0.5677683520007122,1,1,1,36,0.420805960893631,task_success_while_recovery_active_per_intervention,True,False,,custom,0.2
REIM (ACT + Detector + Recovery),90,6000132,metaworld,True,50,0.35316737399989506,0,0,0,0,0.15958239138126373,task_success_while_recovery_active_per_intervention,True,False,,custom,0.2
REIM (ACT + Detector + Recovery),91,6000133,metaworld,False,200,1.9492686800003867,1,0,1,150,0.9981960654258728,task_success_while_recovery_active_per_intervention,False,True,object_dropped,custom,0.2
REIM (ACT + Detector + Recovery),92,6000134,metaworld,True,55,0.6664967510005226,1,1,1,38,0.38293319940567017,task_success_while_recovery_active_per_intervention,True,False,,custom,0.2
REIM (ACT + Detector + Recovery),93,6000135,metaworld,True,53,0.5033921239992196,0,0,0,0,0.1263786107301712,task_success_while_recovery_active_per_intervention,True,False,,custom,0.2
REIM (ACT + Detector + Recovery),94,6000136,metaworld,True,51,0.4759284789997764,0,0,0,0,0.19153866171836853,task_success_while_recovery_active_per_intervention,True,False,,custom,0.2
REIM (ACT + Detector + Recovery),95,6000137,metaworld,True,58,0.9701858240005095,1,1,1,40,0.2954477071762085,task_success_while_recovery_active_per_intervention,True,False,,custom,0.2
REIM (ACT + Detector + Recovery),96,6000138,metaworld,True,58,0.4975843310003256,0,0,0,0,0.13058090209960938,task_success_while_recovery_active_per_intervention,True,False,,custom,0.2
REIM (ACT + Detector + Recovery),97,6000139,metaworld,True,53,0.3230502200003684,0,0,0,0,0.15946316719055176,task_success_while_recovery_active_per_intervention,True,False,,custom,0.2
REIM (ACT + Detector + Recovery),98,6000140,metaworld,False,200,2.927040377000594,1,0,1,150,0.8950543999671936,task_success_while_recovery_active_per_intervention,False,True,object_dropped,custom,0.2
REIM (ACT + Detector + Recovery),99,6000141,metaworld,True,44,0.3787878270013607,1,1,1,28,0.34426552057266235,task_success_while_recovery_active_per_intervention,True,False,,custom,0.2
REIM (ACT + Detector + Recovery),100,6000142,metaworld,True,55,0.3165254649993585,0,0,0,0,0.19636236131191254,task_success_while_recovery_active_per_intervention,True,False,,custom,0.2
REIM (ACT + Detector + Recovery),101,6000143,metaworld,True,53,0.3505481249994773,0,0,0,0,0.18538206815719604,task_success_while_recovery_active_per_intervention,True,False,,custom,0.2
REIM (ACT + Detector + Recovery),102,6000144,metaworld,True,55,0.5288390749992686,1,1,1,44,0.24281594157218933,task_success_while_recovery_active_per_intervention,True,False,,custom,0.2
REIM (ACT + Detector + Recovery),103,6000145,metaworld,False,200,2.7389734089993,1,0,1,150,0.9980682730674744,task_success_while_recovery_active_per_intervention,False,True,timeout,custom,0.2
REIM (ACT + Detector + Recovery),104,6000146,metaworld,True,51,0.7071767580000596,1,1,1,34,0.22854064404964447,task_success_while_recovery_active_per_intervention,True,False,,custom,0.2
REIM (ACT + Detector + Recovery),105,6000147,metaworld,True,58,0.779194025999459,1,1,1,41,0.2909978926181793,task_success_while_recovery_active_per_intervention,True,False,,custom,0.2
REIM (ACT + Detector + Recovery),106,6000148,metaworld,True,55,0.7320653980004863,1,1,1,39,0.23706956207752228,task_success_while_recovery_active_per_intervention,True,False,,custom,0.2
REIM (ACT + Detector + Recovery),107,6000149,metaworld,True,51,0.7516831609991641,1,1,1,40,0.22534984350204468,task_success_while_recovery_active_per_intervention,True,False,,custom,0.2
REIM (ACT + Detector + Recovery),108,6000150,metaworld,True,48,0.45140836400059925,0,0,0,0,0.1897231638431549,task_success_while_recovery_active_per_intervention,True,False,,custom,0.2
REIM (ACT + Detector + Recovery),109,6000151,metaworld,False,200,2.4574006570001075,1,0,1,150,0.9952050447463989,task_success_while_recovery_active_per_intervention,False,True,object_dropped,custom,0.2
REIM (ACT + Detector + Recovery),110,6000152,metaworld,True,54,0.8464796949992888,1,1,1,30,0.20797573029994965,task_success_while_recovery_active_per_intervention,True,False,,custom,0.2
REIM (ACT + Detector + Recovery),111,6000153,metaworld,True,49,0.6569270929994673,1,1,1,36,0.284929484128952,task_success_while_recovery_active_per_intervention,True,False,,custom,0.2
REIM (ACT + Detector + Recovery),112,6000154,metaworld,False,200,2.5108588369985227,1,0,1,150,0.9992169141769409,task_success_while_recovery_active_per_intervention,False,True,object_dropped,custom,0.2
REIM (ACT + Detector + Recovery),113,6000155,metaworld,False,200,2.566837255999417,1,0,1,150,0.9993153810501099,task_success_while_recovery_active_per_intervention,False,True,object_dropped,custom,0.2
REIM (ACT + Detector + Recovery),114,6000156,metaworld,True,56,0.31819196000105876,0,0,0,0,0.17934823036193848,task_success_while_recovery_active_per_intervention,True,False,,custom,0.2
REIM (ACT + Detector + Recovery),115,6000157,metaworld,False,200,1.971295500999986,1,0,1,143,0.9990818500518799,task_success_while_recovery_active_per_intervention,False,True,timeout,custom,0.2
REIM (ACT + Detector + Recovery),116,6000158,metaworld,True,64,0.3150594680009817,0,0,0,0,0.18034227192401886,task_success_while_recovery_active_per_intervention,True,False,,custom,0.2
REIM (ACT + Detector + Recovery),117,6000159,metaworld,True,48,0.34929299999930663,1,1,1,32,0.3371518552303314,task_success_while_recovery_active_per_intervention,True,False,,custom,0.2
REIM (ACT + Detector + Recovery),118,6000160,metaworld,True,68,0.5103036969994719,1,1,1,36,0.2070857137441635,task_success_while_recovery_active_per_intervention,True,False,,custom,0.2
REIM (ACT + Detector + Recovery),119,6000161,metaworld,True,67,0.45063345699963975,1,1,1,30,0.21965715289115906,task_success_while_recovery_active_per_intervention,True,False,,custom,0.2
REIM (ACT + Detector + Recovery),120,6000162,metaworld,True,63,0.35285623500021757,0,0,0,0,0.10714000463485718,task_success_while_recovery_active_per_intervention,True,False,,custom,0.2
REIM (ACT + Detector + Recovery),121,6000163,metaworld,True,62,0.45300430600036634,0,0,0,0,0.19879001379013062,task_success_while_recovery_active_per_intervention,True,False,,custom,0.2
REIM (ACT + Detector + Recovery),122,6000164,metaworld,True,49,0.26133491299879097,0,0,0,0,0.19849078357219696,task_success_while_recovery_active_per_intervention,True,False,,custom,0.2
REIM (ACT + Detector + Recovery),123,6000165,metaworld,False,200,1.7090039800004888,1,0,1,150,0.9806212782859802,task_success_while_recovery_active_per_intervention,False,True,timeout,custom,0.2
REIM (ACT + Detector + Recovery),124,6000166,metaworld,True,55,0.8300484279989178,1,1,1,37,0.25855663418769836,task_success_while_recovery_active_per_intervention,True,False,,custom,0.2
REIM (ACT + Detector + Recovery),125,6000167,metaworld,False,200,1.4038853609999933,1,0,1,136,0.9988096952438354,task_success_while_recovery_active_per_intervention,False,True,object_dropped,custom,0.2
REIM (ACT + Detector + Recovery),126,6000168,metaworld,False,200,1.6840378670003702,1,0,1,150,0.9907784461975098,task_success_while_recovery_active_per_intervention,False,True,timeout,custom,0.2
REIM (ACT + Detector + Recovery),127,6000169,metaworld,True,84,0.6736966210009996,1,1,1,55,0.23327741026878357,task_success_while_recovery_active_per_intervention,True,False,,custom,0.2
REIM (ACT + Detector + Recovery),128,6000170,metaworld,True,53,0.2936475309998059,0,0,0,0,0.16833187639713287,task_success_while_recovery_active_per_intervention,True,False,,custom,0.2
REIM (ACT + Detector + Recovery),129,6000171,metaworld,True,51,0.5286618730006012,1,1,1,31,0.22302863001823425,task_success_while_recovery_active_per_intervention,True,False,,custom,0.2
REIM (ACT + Detector + Recovery),130,6000172,metaworld,True,53,0.21222049300013168,0,0,0,0,0.15895967185497284,task_success_while_recovery_active_per_intervention,True,False,,custom,0.2
REIM (ACT + Detector + Recovery),131,6000173,metaworld,True,46,0.24123729900020408,1,1,1,25,0.23219558596611023,task_success_while_recovery_active_per_intervention,True,False,,custom,0.2
REIM (ACT + Detector + Recovery),132,6000174,metaworld,True,56,0.23723510900163092,0,0,0,0,0.16494698822498322,task_success_while_recovery_active_per_intervention,True,False,,custom,0.2
REIM (ACT + Detector + Recovery),133,6000175,metaworld,True,56,0.23485011199954897,0,0,0,0,0.08812430500984192,task_success_while_recovery_active_per_intervention,True,False,,custom,0.2
REIM (ACT + Detector + Recovery),134,6000176,metaworld,True,52,0.27787839400116354,1,1,1,30,0.23134462535381317,task_success_while_recovery_active_per_intervention,True,False,,custom,0.2
REIM (ACT + Detector + Recovery),135,6000177,metaworld,False,200,1.8177421199998207,1,0,1,138,0.9996122717857361,task_success_while_recovery_active_per_intervention,False,True,timeout,custom,0.2
REIM (ACT + Detector + Recovery),136,6000178,metaworld,True,52,0.24153077699884307,0,0,0,0,0.10550197213888168,task_success_while_recovery_active_per_intervention,True,False,,custom,0.2
REIM (ACT + Detector + Recovery),137,6000179,metaworld,True,61,0.7258639479987323,1,1,1,34,0.20709511637687683,task_success_while_recovery_active_per_intervention,True,False,,custom,0.2
REIM (ACT + Detector + Recovery),138,6000180,metaworld,True,67,0.6031171520007774,1,1,1,44,0.2939262390136719,task_success_while_recovery_active_per_intervention,True,False,,custom,0.2
REIM (ACT + Detector + Recovery),139,6000181,metaworld,False,200,1.2732819699995161,1,0,1,138,0.9981541037559509,task_success_while_recovery_active_per_intervention,False,True,timeout,custom,0.2
REIM (ACT + Detector + Recovery),140,6000182,metaworld,True,53,0.2369625219998852,0,0,0,0,0.14803051948547363,task_success_while_recovery_active_per_intervention,True,False,,custom,0.2
REIM (ACT + Detector + Recovery),141,6000183,metaworld,True,57,0.568459760001133,1,1,1,44,0.49622464179992676,task_success_while_recovery_active_per_intervention,True,False,,custom,0.2
REIM (ACT + Detector + Recovery),142,6000184,metaworld,True,50,0.22313465700062807,0,0,0,0,0.13641543686389923,task_success_while_recovery_active_per_intervention,True,False,,custom,0.2
REIM (ACT + Detector + Recovery),143,6000185,metaworld,True,52,0.25877949399909994,0,0,0,0,0.10954445600509644,task_success_while_recovery_active_per_intervention,True,False,,custom,0.2
REIM (ACT + Detector + Recovery),144,6000186,metaworld,True,51,0.32214671799920325,1,1,1,41,0.30028417706489563,task_success_while_recovery_active_per_intervention,True,False,,custom,0.2
REIM (ACT + Detector + Recovery),145,6000187,metaworld,True,51,0.31242054799986363,1,1,1,36,0.25832271575927734,task_success_while_recovery_active_per_intervention,True,False,,custom,0.2
REIM (ACT + Detector + Recovery),146,6000188,metaworld,True,60,0.6326520599996002,1,1,1,29,0.20459473133087158,task_success_while_recovery_active_per_intervention,True,False,,custom,0.2
REIM (ACT + Detector + Recovery),147,6000189,metaworld,False,200,1.8815275639990432,1,0,1,147,0.9929606318473816,task_success_while_recovery_active_per_intervention,False,True,timeout,custom,0.2
REIM (ACT + Detector + Recovery),148,6000190,metaworld,True,50,0.2444225990002451,0,0,0,0,0.09186691045761108,task_success_while_recovery_active_per_intervention,True,False,,custom,0.2
REIM (ACT + Detector + Recovery),149,6000191,metaworld,False,200,1.7940982830004941,1,0,1,135,0.9994223117828369,task_success_while_recovery_active_per_intervention,False,True,object_dropped,custom,0.2
REIM (ACT + Detector + Recovery),150,6000192,metaworld,True,54,0.6966985830003978,1,1,1,35,0.4553931653499603,task_success_while_recovery_active_per_intervention,True,False,,custom,0.2
REIM (ACT + Detector + Recovery),151,6000193,metaworld,True,56,0.35220996099997137,0,0,0,0,0.1795915812253952,task_success_while_recovery_active_per_intervention,True,False,,custom,0.2
REIM (ACT + Detector + Recovery),152,6000194,metaworld,True,53,0.340984276999734,0,0,0,0,0.18444940447807312,task_success_while_recovery_active_per_intervention,True,False,,custom,0.2
REIM (ACT + Detector + Recovery),153,6000195,metaworld,True,53,0.25603557499925955,1,1,1,38,0.26241329312324524,task_success_while_recovery_active_per_intervention,True,False,,custom,0.2
REIM (ACT + Detector + Recovery),154,6000196,metaworld,True,50,0.31124434800040035,1,1,1,38,0.20690244436264038,task_success_while_recovery_active_per_intervention,True,False,,custom,0.2
REIM (ACT + Detector + Recovery),155,6000197,metaworld,True,50,0.2778450259993406,1,1,1,42,0.32640889286994934,task_success_while_recovery_active_per_intervention,True,False,,custom,0.2
REIM (ACT + Detector + Recovery),156,6000198,metaworld,True,53,0.3451745349993871,0,0,0,0,0.10514456033706665,task_success_while_recovery_active_per_intervention,True,False,,custom,0.2
REIM (ACT + Detector + Recovery),157,6000199,metaworld,True,60,0.34700997099935194,0,0,0,0,0.12765273451805115,task_success_while_recovery_active_per_intervention,True,False,,custom,0.2
REIM (ACT + Detector + Recovery),158,6000200,metaworld,True,55,0.166171785998813,0,0,0,0,0.11211332678794861,task_success_while_recovery_active_per_intervention,True,False,,custom,0.2
REIM (ACT + Detector + Recovery),159,6000201,metaworld,True,52,0.16031967900016753,0,0,0,0,0.1852402538061142,task_success_while_recovery_active_per_intervention,True,False,,custom,0.2
REIM (ACT + Detector + Recovery),160,6000202,metaworld,True,51,0.23470500499934133,1,1,1,37,0.210599884390831,task_success_while_recovery_active_per_intervention,True,False,,custom,0.2
REIM (ACT + Detector + Recovery),161,6000203,metaworld,False,200,0.8782902439997997,1,0,1,150,0.999345600605011,task_success_while_recovery_active_per_intervention,False,True,object_dropped,custom,0.2
REIM (ACT + Detector + Recovery),162,6000204,metaworld,True,54,0.17148029999952996,0,0,0,0,0.19202934205532074,task_success_while_recovery_active_per_intervention,True,False,,custom,0.2
REIM (ACT + Detector + Recovery),163,6000205,metaworld,False,200,0.43745309800033283,1,0,1,150,0.9847821593284607,task_success_while_recovery_active_per_intervention,False,True,timeout,custom,0.2
REIM (ACT + Detector + Recovery),164,6000206,metaworld,True,50,0.11325760500039905,0,0,0,0,0.15716058015823364,task_success_while_recovery_active_per_intervention,True,False,,custom,0.2
REIM (ACT + Detector + Recovery),165,6000207,metaworld,True,59,0.13605814800030203,0,0,0,0,0.1690492182970047,task_success_while_recovery_active_per_intervention,True,False,,custom,0.2
REIM (ACT + Detector + Recovery),166,6000208,metaworld,True,51,0.10646912500124017,1,1,1,29,0.21924787759780884,task_success_while_recovery_active_per_intervention,True,False,,custom,0.2
REIM (ACT + Detector + Recovery),167,6000209,metaworld,True,53,0.12221985200085328,0,0,0,0,0.1374010294675827,task_success_while_recovery_active_per_intervention,True,False,,custom,0.2
REIM (ACT + Detector + Recovery),168,6000210,metaworld,True,52,0.10546903700014809,1,1,1,44,0.39632609486579895,task_success_while_recovery_active_per_intervention,True,False,,custom,0.2
REIM (ACT + Detector + Recovery),169,6000211,metaworld,False,200,0.4332319410004857,1,0,1,150,0.9886075854301453,task_success_while_recovery_active_per_intervention,False,True,timeout,custom,0.2
REIM (ACT + Detector + Recovery),170,6000212,metaworld,True,50,0.11016082700007246,1,1,1,42,0.5007631182670593,task_success_while_recovery_active_per_intervention,True,False,,custom,0.2
REIM (ACT + Detector + Recovery),171,6000213,metaworld,True,48,0.10220552500140911,1,1,1,32,0.2985341250896454,task_success_while_recovery_active_per_intervention,True,False,,custom,0.2
REIM (ACT + Detector + Recovery),172,6000214,metaworld,True,56,0.12371464999887394,1,1,1,42,0.2608799934387207,task_success_while_recovery_active_per_intervention,True,False,,custom,0.2
REIM (ACT + Detector + Recovery),173,6000215,metaworld,True,56,0.12357466200046474,1,1,1,43,0.28700146079063416,task_success_while_recovery_active_per_intervention,True,False,,custom,0.2
REIM (ACT + Detector + Recovery),174,6000216,metaworld,True,54,0.1253155100002914,0,0,0,0,0.13775213062763214,task_success_while_recovery_active_per_intervention,True,False,,custom,0.2
REIM (ACT + Detector + Recovery),175,6000217,metaworld,True,51,0.11660744099935982,0,0,0,0,0.1925128698348999,task_success_while_recovery_active_per_intervention,True,False,,custom,0.2
REIM (ACT + Detector + Recovery),176,6000218,metaworld,True,50,0.10195229999953881,1,1,1,28,0.23686189949512482,task_success_while_recovery_active_per_intervention,True,False,,custom,0.2
REIM (ACT + Detector + Recovery),177,6000219,metaworld,True,55,0.12649598099960713,0,0,0,0,0.17493689060211182,task_success_while_recovery_active_per_intervention,True,False,,custom,0.2
REIM (ACT + Detector + Recovery),178,6000220,metaworld,True,65,0.12386156199863763,1,1,1,53,0.3610330820083618,task_success_while_recovery_active_per_intervention,True,False,,custom,0.2
REIM (ACT + Detector + Recovery),179,6000221,metaworld,True,54,0.1123093139995035,1,1,1,43,0.34259191155433655,task_success_while_recovery_active_per_intervention,True,False,,custom,0.2
REIM (ACT + Detector + Recovery),180,6000222,metaworld,True,52,0.11734912200154213,0,0,0,0,0.13936422765254974,task_success_while_recovery_active_per_intervention,True,False,,custom,0.2
REIM (ACT + Detector + Recovery),181,6000223,metaworld,True,52,0.1190376809990994,0,0,0,0,0.1733216792345047,task_success_while_recovery_active_per_intervention,True,False,,custom,0.2
REIM (ACT + Detector + Recovery),182,6000224,metaworld,True,59,0.1335061219997442,0,0,0,0,0.1715516448020935,task_success_while_recovery_active_per_intervention,True,False,,custom,0.2
REIM (ACT + Detector + Recovery),183,6000225,metaworld,True,47,0.0933541359991068,1,1,1,31,0.24512523412704468,task_success_while_recovery_active_per_intervention,True,False,,custom,0.2
REIM (ACT + Detector + Recovery),184,6000226,metaworld,True,52,0.10495391699987522,1,1,1,43,0.3759210705757141,task_success_while_recovery_active_per_intervention,True,False,,custom,0.2
REIM (ACT + Detector + Recovery),185,6000227,metaworld,False,200,0.43762236400107213,1,0,1,142,0.9993852376937866,task_success_while_recovery_active_per_intervention,False,True,object_dropped,custom,0.2
REIM (ACT + Detector + Recovery),186,6000228,metaworld,True,58,0.13741012900027272,0,0,0,0,0.15009646117687225,task_success_while_recovery_active_per_intervention,True,False,,custom,0.2
REIM (ACT + Detector + Recovery),187,6000229,metaworld,True,55,0.12839505500051018,0,0,0,0,0.16355933248996735,task_success_while_recovery_active_per_intervention,True,False,,custom,0.2
REIM (ACT + Detector + Recovery),188,6000230,metaworld,True,57,0.13740894199872855,0,0,0,0,0.13354220986366272,task_success_while_recovery_active_per_intervention,True,False,,custom,0.2
REIM (ACT + Detector + Recovery),189,6000231,metaworld,True,55,0.1056638859990926,1,1,1,45,0.42850935459136963,task_success_while_recovery_active_per_intervention,True,False,,custom,0.2
REIM (ACT + Detector + Recovery),190,6000232,metaworld,True,54,0.11424417700072809,1,1,1,38,0.3042391240596771,task_success_while_recovery_active_per_intervention,True,False,,custom,0.2
REIM (ACT + Detector + Recovery),191,6000233,metaworld,True,53,0.12198329300008481,0,0,0,0,0.1590542495250702,task_success_while_recovery_active_per_intervention,True,False,,custom,0.2
REIM (ACT + Detector + Recovery),192,6000234,metaworld,True,55,0.12608626800101774,0,0,0,0,0.1684189885854721,task_success_while_recovery_active_per_intervention,True,False,,custom,0.2
REIM (ACT + Detector + Recovery),193,6000235,metaworld,True,51,0.09903978600050323,1,1,1,35,0.36787545680999756,task_success_while_recovery_active_per_intervention,True,False,,custom,0.2
REIM (ACT + Detector + Recovery),194,6000236,metaworld,True,59,0.12065929599884839,1,1,1,31,0.2522578537464142,task_success_while_recovery_active_per_intervention,True,False,,custom,0.2
REIM (ACT + Detector + Recovery),195,6000237,metaworld,True,49,0.10414112900070904,1,1,1,39,0.2853092849254608,task_success_while_recovery_active_per_intervention,True,False,,custom,0.2
REIM (ACT + Detector + Recovery),196,6000238,metaworld,True,57,0.13043736599865952,0,0,0,0,0.16256247460842133,task_success_while_recovery_active_per_intervention,True,False,,custom,0.2
REIM (ACT + Detector + Recovery),197,6000239,metaworld,True,58,0.13571149299968965,0,0,0,0,0.15297725796699524,task_success_while_recovery_active_per_intervention,True,False,,custom,0.2
REIM (ACT + Detector + Recovery),198,6000240,metaworld,False,200,0.42161427899918635,1,0,1,150,0.9991638660430908,task_success_while_recovery_active_per_intervention,False,True,object_dropped,custom,0.2
REIM (ACT + Detector + Recovery),199,6000241,metaworld,True,59,0.1379137730000366,0,0,0,0,0.13614697754383087,task_success_while_recovery_active_per_intervention,True,False,,custom,0.2
REIM (ACT + Detector + Recovery),200,6000242,metaworld,False,200,0.43631206300051417,1,0,1,150,0.9990459084510803,task_success_while_recovery_active_per_intervention,False,True,object_dropped,custom,0.2
REIM (ACT + Detector + Recovery),201,6000243,metaworld,True,60,0.13865102699855925,0,0,0,0,0.14614740014076233,task_success_while_recovery_active_per_intervention,True,False,,custom,0.2
REIM (ACT + Detector + Recovery),202,6000244,metaworld,True,53,0.10490966199904506,1,1,1,33,0.23589274287223816,task_success_while_recovery_active_per_intervention,True,False,,custom,0.2
REIM (ACT + Detector + Recovery),203,6000245,metaworld,True,67,0.15477034300056403,0,0,0,0,0.1873464733362198,task_success_while_recovery_active_per_intervention,True,False,,custom,0.2
REIM (ACT + Detector + Recovery),204,6000246,metaworld,False,200,0.4207523109998874,1,0,1,150,0.9662904739379883,task_success_while_recovery_active_per_intervention,False,True,timeout,custom,0.2
REIM (ACT + Detector + Recovery),205,6000247,metaworld,True,52,0.11148791599953256,1,1,1,33,0.24088895320892334,task_success_while_recovery_active_per_intervention,True,False,,custom,0.2
REIM (ACT + Detector + Recovery),206,6000248,metaworld,False,200,0.43243998900106817,1,0,1,150,0.9991994500160217,task_success_while_recovery_active_per_intervention,False,True,timeout,custom,0.2
REIM (ACT + Detector + Recovery),207,6000249,metaworld,True,60,0.1364780999992945,0,0,0,0,0.15923471748828888,task_success_while_recovery_active_per_intervention,True,False,,custom,0.2
REIM (ACT + Detector + Recovery),208,6000250,metaworld,True,54,0.11255884499951208,1,1,1,30,0.20723435282707214,task_success_while_recovery_active_per_intervention,True,False,,custom,0.2
REIM (ACT + Detector + Recovery),209,6000251,metaworld,True,49,0.12451738100025977,0,0,0,0,0.17232388257980347,task_success_while_recovery_active_per_intervention,True,False,,custom,0.2
REIM (ACT + Detector + Recovery),210,6000252,metaworld,True,43,0.10534163299962529,1,1,1,35,0.42896100878715515,task_success_while_recovery_active_per_intervention,True,False,,custom,0.2
REIM (ACT + Detector + Recovery),211,6000253,metaworld,True,47,0.2745675570004096,1,1,1,29,0.20140428841114044,task_success_while_recovery_active_per_intervention,True,False,,custom,0.2
REIM (ACT + Detector + Recovery),212,6000254,metaworld,True,57,0.13867264299915405,1,1,1,30,0.29787594079971313,task_success_while_recovery_active_per_intervention,True,False,,custom,0.2
REIM (ACT + Detector + Recovery),213,6000255,metaworld,True,53,0.12947474900101952,0,0,0,0,0.15730150043964386,task_success_while_recovery_active_per_intervention,True,False,,custom,0.2
REIM (ACT + Detector + Recovery),214,6000256,metaworld,False,200,0.47303352700146206,1,0,1,137,0.9963255524635315,task_success_while_recovery_active_per_intervention,False,True,object_dropped,custom,0.2
REIM (ACT + Detector + Recovery),215,6000257,metaworld,True,54,0.19863689599878853,1,1,1,35,0.33153700828552246,task_success_while_recovery_active_per_intervention,True,False,,custom,0.2
REIM (ACT + Detector + Recovery),216,6000258,metaworld,True,52,0.15583413100102916,1,1,1,36,0.35749855637550354,task_success_while_recovery_active_per_intervention,True,False,,custom,0.2
REIM (ACT + Detector + Recovery),217,6000259,metaworld,True,51,0.1287566840001091,1,1,1,42,0.33815798163414,task_success_while_recovery_active_per_intervention,True,False,,custom,0.2
REIM (ACT + Detector + Recovery),218,6000260,metaworld,True,52,0.13236996800151246,1,1,1,38,0.3025926649570465,task_success_while_recovery_active_per_intervention,True,False,,custom,0.2
REIM (ACT + Detector + Recovery),219,6000261,metaworld,True,54,0.13022187299975485,1,1,1,39,0.26104244589805603,task_success_while_recovery_active_per_intervention,True,False,,custom,0.2
REIM (ACT + Detector + Recovery),220,6000262,metaworld,True,48,0.11936646200047107,0,0,0,0,0.17903980612754822,task_success_while_recovery_active_per_intervention,True,False,,custom,0.2
REIM (ACT + Detector + Recovery),221,6000263,metaworld,True,61,0.1563005770003656,1,1,1,41,0.2308090180158615,task_success_while_recovery_active_per_intervention,True,False,,custom,0.2
REIM (ACT + Detector + Recovery),222,6000264,metaworld,True,49,0.38455929399970046,1,1,1,34,0.3432025909423828,task_success_while_recovery_active_per_intervention,True,False,,custom,0.2
REIM (ACT + Detector + Recovery),223,6000265,metaworld,True,51,0.36006909599927894,0,0,0,0,0.17268505692481995,task_success_while_recovery_active_per_intervention,True,False,,custom,0.2
REIM (ACT + Detector + Recovery),224,6000266,metaworld,True,58,0.19902195599934203,0,0,0,0,0.16055166721343994,task_success_while_recovery_active_per_intervention,True,False,,custom,0.2
REIM (ACT + Detector + Recovery),225,6000267,metaworld,True,50,0.16160080000008747,1,1,1,33,0.32354187965393066,task_success_while_recovery_active_per_intervention,True,False,,custom,0.2
REIM (ACT + Detector + Recovery),226,6000268,metaworld,True,54,0.1361541109999962,0,0,0,0,0.12275181710720062,task_success_while_recovery_active_per_intervention,True,False,,custom,0.2
REIM (ACT + Detector + Recovery),227,6000269,metaworld,True,52,0.12646410500019556,1,1,1,43,0.31533685326576233,task_success_while_recovery_active_per_intervention,True,False,,custom,0.2
REIM (ACT + Detector + Recovery),228,6000270,metaworld,True,51,0.18890810499942745,1,1,1,37,0.2219068706035614,task_success_while_recovery_active_per_intervention,True,False,,custom,0.2
REIM (ACT + Detector + Recovery),229,6000271,metaworld,True,52,0.15563271700011683,0,0,0,0,0.15957865118980408,task_success_while_recovery_active_per_intervention,True,False,,custom,0.2
REIM (ACT + Detector + Recovery),230,6000272,metaworld,False,200,0.5483450249994348,1,0,1,150,0.9398506879806519,task_success_while_recovery_active_per_intervention,False,True,object_dropped,custom,0.2
REIM (ACT + Detector + Recovery),231,6000273,metaworld,True,54,0.21963138899991463,0,0,0,0,0.15449489653110504,task_success_while_recovery_active_per_intervention,True,False,,custom,0.2
REIM (ACT + Detector + Recovery),232,6000274,metaworld,True,58,0.24594193499979156,1,1,1,37,0.2531941533088684,task_success_while_recovery_active_per_intervention,True,False,,custom,0.2
REIM (ACT + Detector + Recovery),233,6000275,metaworld,True,55,0.27043523999964236,1,1,1,40,0.2581988573074341,task_success_while_recovery_active_per_intervention,True,False,,custom,0.2
REIM (ACT + Detector + Recovery),234,6000276,metaworld,False,200,1.232379918999868,1,0,1,150,0.9898720383644104,task_success_while_recovery_active_per_intervention,False,True,object_dropped,custom,0.2
REIM (ACT + Detector + Recovery),235,6000277,metaworld,False,200,1.2679560180004046,1,0,1,142,0.9773844480514526,task_success_while_recovery_active_per_intervention,False,True,object_dropped,custom,0.2
REIM (ACT + Detector + Recovery),236,6000278,metaworld,True,48,0.23044944399953238,1,1,1,31,0.2766636908054352,task_success_while_recovery_active_per_intervention,True,False,,custom,0.2
REIM (ACT + Detector + Recovery),237,6000279,metaworld,True,54,0.7279529810002714,1,1,1,44,0.2577846944332123,task_success_while_recovery_active_per_intervention,True,False,,custom,0.2
REIM (ACT + Detector + Recovery),238,6000280,metaworld,True,54,0.4547015809985169,0,0,0,0,0.14414580166339874,task_success_while_recovery_active_per_intervention,True,False,,custom,0.2
REIM (ACT + Detector + Recovery),239,6000281,metaworld,True,57,0.3856374239985598,0,0,0,0,0.1761440932750702,task_success_while_recovery_active_per_intervention,True,False,,custom,0.2
REIM (ACT + Detector + Recovery),240,6000282,metaworld,True,49,0.28226131700102997,1,1,1,30,0.22514383494853973,task_success_while_recovery_active_per_intervention,True,False,,custom,0.2
REIM (ACT + Detector + Recovery),241,6000283,metaworld,True,57,0.2344928520014946,0,0,0,0,0.10518424957990646,task_success_while_recovery_active_per_intervention,True,False,,custom,0.2
REIM (ACT + Detector + Recovery),242,6000284,metaworld,True,63,0.5620769649995054,1,1,1,29,0.3644607663154602,task_success_while_recovery_active_per_intervention,True,False,,custom,0.2
REIM (ACT + Detector + Recovery),243,6000285,metaworld,True,48,0.38961792000009154,1,1,1,30,0.2665456235408783,task_success_while_recovery_active_per_intervention,True,False,,custom,0.2
REIM (ACT + Detector + Recovery),244,6000286,metaworld,True,54,0.45022097199944255,1,1,1,26,0.23152866959571838,task_success_while_recovery_active_per_intervention,True,False,,custom,0.2
REIM (ACT + Detector + Recovery),245,6000287,metaworld,True,57,0.2504494969998632,0,0,0,0,0.1372254341840744,task_success_while_recovery_active_per_intervention,True,False,,custom,0.2
REIM (ACT + Detector + Recovery),246,6000288,metaworld,True,55,0.23455731200010632,0,0,0,0,0.1603960394859314,task_success_while_recovery_active_per_intervention,True,False,,custom,0.2
REIM (ACT + Detector + Recovery),247,6000289,metaworld,True,51,0.20508317100029672,1,1,1,34,0.28406256437301636,task_success_while_recovery_active_per_intervention,True,False,,custom,0.2
REIM (ACT + Detector + Recovery),248,6000290,metaworld,True,71,0.3461261779993947,1,1,1,54,0.30281272530555725,task_success_while_recovery_active_per_intervention,True,False,,custom,0.2
REIM (ACT + Detector + Recovery),249,6000291,metaworld,True,51,0.3278718130004563,1,1,1,32,0.24212436378002167,task_success_while_recovery_active_per_intervention,True,False,,custom,0.2
