method,episode,seed,backend,success,steps,elapsed_seconds,recovery_attempts,recovery_successes,detector_triggers,recovery_steps,failure_probability_max,recovery_definition,terminated,truncated,failure_reason,noise_level,noise_percent,action_noise_std,observation_noise_std,object_impulse_std_m,condition_index,Profile
ACT,0,6000042,metaworld,False,200,1.131061972999305,0,0,0,0,0.0,,False,True,timeout,0.3,30.0,0.12,0.0075,0.03,0,full
ACT,1,6000043,metaworld,False,200,0.7473104829987278,0,0,0,0,0.0,,False,True,timeout,0.3,30.0,0.12,0.0075,0.03,0,full
ACT,2,6000044,metaworld,True,63,0.29045612400295795,0,0,0,0,0.0,,True,False,,0.3,30.0,0.12,0.0075,0.03,0,full
ACT,3,6000045,metaworld,True,56,0.13538058899939642,0,0,0,0,0.0,,True,False,,0.3,30.0,0.12,0.0075,0.03,0,full
ACT,4,6000046,metaworld,False,200,0.5387071000004653,0,0,0,0,0.0,,False,True,object_dropped,0.3,30.0,0.12,0.0075,0.03,0,full
ACT,5,6000047,metaworld,False,200,0.5445846149996214,0,0,0,0,0.0,,False,True,timeout,0.3,30.0,0.12,0.0075,0.03,0,full
ACT,6,6000048,metaworld,False,200,1.05660536600044,0,0,0,0,0.0,,False,True,timeout,0.3,30.0,0.12,0.0075,0.03,0,full
ACT,7,6000049,metaworld,False,200,0.6847571229991445,0,0,0,0,0.0,,False,True,timeout,0.3,30.0,0.12,0.0075,0.03,0,full
ACT,8,6000050,metaworld,False,200,0.9675524240010418,0,0,0,0,0.0,,False,True,timeout,0.3,30.0,0.12,0.0075,0.03,0,full
ACT,9,6000051,metaworld,False,200,0.8930448790015362,0,0,0,0,0.0,,False,True,timeout,0.3,30.0,0.12,0.0075,0.03,0,full
ACT,10,6000052,metaworld,True,50,0.2918957980000414,0,0,0,0,0.0,,True,False,,0.3,30.0,0.12,0.0075,0.03,0,full
ACT,11,6000053,metaworld,False,200,0.863586106999719,0,0,0,0,0.0,,False,True,timeout,0.3,30.0,0.12,0.0075,0.03,0,full
ACT,12,6000054,metaworld,False,200,1.01243909799814,0,0,0,0,0.0,,False,True,timeout,0.3,30.0,0.12,0.0075,0.03,0,full
ACT,13,6000055,metaworld,False,200,1.133332033001352,0,0,0,0,0.0,,False,True,object_dropped,0.3,30.0,0.12,0.0075,0.03,0,full
ACT,14,6000056,metaworld,True,60,0.3883491650012729,0,0,0,0,0.0,,True,False,,0.3,30.0,0.12,0.0075,0.03,0,full
ACT,15,6000057,metaworld,True,53,0.26716903499982436,0,0,0,0,0.0,,True,False,,0.3,30.0,0.12,0.0075,0.03,0,full
ACT,16,6000058,metaworld,True,60,0.44908690900047077,0,0,0,0,0.0,,True,False,,0.3,30.0,0.12,0.0075,0.03,0,full
ACT,17,6000059,metaworld,False,200,1.0483217210021394,0,0,0,0,0.0,,False,True,object_dropped,0.3,30.0,0.12,0.0075,0.03,0,full
ACT,18,6000060,metaworld,True,49,0.2464449719991535,0,0,0,0,0.0,,True,False,,0.3,30.0,0.12,0.0075,0.03,0,full
ACT,19,6000061,metaworld,False,200,1.0847746599974926,0,0,0,0,0.0,,False,True,timeout,0.3,30.0,0.12,0.0075,0.03,0,full
ACT,20,6000062,metaworld,True,56,0.2814016019983683,0,0,0,0,0.0,,True,False,,0.3,30.0,0.12,0.0075,0.03,0,full
ACT,21,6000063,metaworld,True,54,0.13868502900004387,0,0,0,0,0.0,,True,False,,0.3,30.0,0.12,0.0075,0.03,0,full
ACT,22,6000064,metaworld,True,54,0.14718247299970244,0,0,0,0,0.0,,True,False,,0.3,30.0,0.12,0.0075,0.03,0,full
ACT,23,6000065,metaworld,False,200,0.9232245550010703,0,0,0,0,0.0,,False,True,object_dropped,0.3,30.0,0.12,0.0075,0.03,0,full
ACT,24,6000066,metaworld,False,200,1.1751870080006483,0,0,0,0,0.0,,False,True,object_dropped,0.3,30.0,0.12,0.0075,0.03,0,full
ACT,25,6000067,metaworld,True,57,0.3455737760014017,0,0,0,0,0.0,,True,False,,0.3,30.0,0.12,0.0075,0.03,0,full
ACT,26,6000068,metaworld,True,54,0.28802080300010857,0,0,0,0,0.0,,True,False,,0.3,30.0,0.12,0.0075,0.03,0,full
ACT,27,6000069,metaworld,False,200,0.8640096859999176,0,0,0,0,0.0,,False,True,timeout,0.3,30.0,0.12,0.0075,0.03,0,full
ACT,28,6000070,metaworld,False,200,0.724047335999785,0,0,0,0,0.0,,False,True,timeout,0.3,30.0,0.12,0.0075,0.03,0,full
ACT,29,6000071,metaworld,False,200,2.1297553760014125,0,0,0,0,0.0,,False,True,timeout,0.3,30.0,0.12,0.0075,0.03,0,full
ACT,30,6000072,metaworld,False,200,0.860024377998343,0,0,0,0,0.0,,False,True,timeout,0.3,30.0,0.12,0.0075,0.03,0,full
ACT,31,6000073,metaworld,False,200,0.9955852769999183,0,0,0,0,0.0,,False,True,timeout,0.3,30.0,0.12,0.0075,0.03,0,full
ACT,32,6000074,metaworld,False,200,0.7904971169991768,0,0,0,0,0.0,,False,True,timeout,0.3,30.0,0.12,0.0075,0.03,0,full
ACT,33,6000075,metaworld,False,200,0.6984507750021294,0,0,0,0,0.0,,False,True,object_dropped,0.3,30.0,0.12,0.0075,0.03,0,full
ACT,34,6000076,metaworld,False,200,1.4201584060028836,0,0,0,0,0.0,,False,True,timeout,0.3,30.0,0.12,0.0075,0.03,0,full
ACT,35,6000077,metaworld,True,55,0.31555218900030013,0,0,0,0,0.0,,True,False,,0.3,30.0,0.12,0.0075,0.03,0,full
ACT,36,6000078,metaworld,False,200,1.151455455001269,0,0,0,0,0.0,,False,True,timeout,0.3,30.0,0.12,0.0075,0.03,0,full
ACT,37,6000079,metaworld,False,200,1.0234020250027243,0,0,0,0,0.0,,False,True,timeout,0.3,30.0,0.12,0.0075,0.03,0,full
ACT,38,6000080,metaworld,True,50,0.2789498489983089,0,0,0,0,0.0,,True,False,,0.3,30.0,0.12,0.0075,0.03,0,full
ACT,39,6000081,metaworld,True,64,0.4355002060001425,0,0,0,0,0.0,,True,False,,0.3,30.0,0.12,0.0075,0.03,0,full
ACT,40,6000082,metaworld,False,200,0.6943526259965438,0,0,0,0,0.0,,False,True,timeout,0.3,30.0,0.12,0.0075,0.03,0,full
ACT,41,6000083,metaworld,True,57,0.4077179449996038,0,0,0,0,0.0,,True,False,,0.3,30.0,0.12,0.0075,0.03,0,full
ACT,42,6000084,metaworld,True,56,0.31106729300154257,0,0,0,0,0.0,,True,False,,0.3,30.0,0.12,0.0075,0.03,0,full
ACT,43,6000085,metaworld,True,57,0.17140005200053565,0,0,0,0,0.0,,True,False,,0.3,30.0,0.12,0.0075,0.03,0,full
ACT,44,6000086,metaworld,True,53,0.1575878380026552,0,0,0,0,0.0,,True,False,,0.3,30.0,0.12,0.0075,0.03,0,full
ACT,45,6000087,metaworld,False,200,1.0598245979999774,0,0,0,0,0.0,,False,True,timeout,0.3,30.0,0.12,0.0075,0.03,0,full
ACT,46,6000088,metaworld,True,67,0.3060940120012674,0,0,0,0,0.0,,True,False,,0.3,30.0,0.12,0.0075,0.03,0,full
ACT,47,6000089,metaworld,False,200,0.954721055997652,0,0,0,0,0.0,,False,True,timeout,0.3,30.0,0.12,0.0075,0.03,0,full
ACT,48,6000090,metaworld,True,57,0.37086161700062803,0,0,0,0,0.0,,True,False,,0.3,30.0,0.12,0.0075,0.03,0,full
ACT,49,6000091,metaworld,True,54,0.2677041390015802,0,0,0,0,0.0,,True,False,,0.3,30.0,0.12,0.0075,0.03,0,full
ACT,50,6000092,metaworld,False,200,1.044226191999769,0,0,0,0,0.0,,False,True,object_dropped,0.3,30.0,0.12,0.0075,0.03,0,full
ACT,51,6000093,metaworld,True,56,0.1971423369977856,0,0,0,0,0.0,,True,False,,0.3,30.0,0.12,0.0075,0.03,0,full
ACT,52,6000094,metaworld,False,200,0.5941541610009153,0,0,0,0,0.0,,False,True,timeout,0.3,30.0,0.12,0.0075,0.03,0,full
ACT,53,6000095,metaworld,False,200,0.7479981329997827,0,0,0,0,0.0,,False,True,timeout,0.3,30.0,0.12,0.0075,0.03,0,full
ACT,54,6000096,metaworld,False,200,0.8239030000004277,0,0,0,0,0.0,,False,True,timeout,0.3,30.0,0.12,0.0075,0.03,0,full
ACT,55,6000097,metaworld,True,55,0.2774047460006841,0,0,0,0,0.0,,True,False,,0.3,30.0,0.12,0.0075,0.03,0,full
ACT,56,6000098,metaworld,True,48,0.1197529700002633,0,0,0,0,0.0,,True,False,,0.3,30.0,0.12,0.0075,0.03,0,full
ACT,57,6000099,metaworld,False,200,0.4727624189981725,0,0,0,0,0.0,,False,True,timeout,0.3,30.0,0.12,0.0075,0.03,0,full
ACT,58,6000100,metaworld,True,57,0.1371300449973205,0,0,0,0,0.0,,True,False,,0.3,30.0,0.12,0.0075,0.03,0,full
ACT,59,6000101,metaworld,False,200,0.4979949710032088,0,0,0,0,0.0,,False,True,timeout,0.3,30.0,0.12,0.0075,0.03,0,full
ACT,60,6000102,metaworld,True,48,0.11320560199965257,0,0,0,0,0.0,,True,False,,0.3,30.0,0.12,0.0075,0.03,0,full
ACT,61,6000103,metaworld,False,200,0.5284915320007713,0,0,0,0,0.0,,False,True,object_dropped,0.3,30.0,0.12,0.0075,0.03,0,full
ACT,62,6000104,metaworld,False,200,0.4846523870000965,0,0,0,0,0.0,,False,True,object_dropped,0.3,30.0,0.12,0.0075,0.03,0,full
ACT,63,6000105,metaworld,True,51,0.11453734400129179,0,0,0,0,0.0,,True,False,,0.3,30.0,0.12,0.0075,0.03,0,full
ACT,64,6000106,metaworld,True,54,0.14339847599694622,0,0,0,0,0.0,,True,False,,0.3,30.0,0.12,0.0075,0.03,0,full
ACT,65,6000107,metaworld,True,64,0.17087407400322263,0,0,0,0,0.0,,True,False,,0.3,30.0,0.12,0.0075,0.03,0,full
ACT,66,6000108,metaworld,False,200,0.5052793329996348,0,0,0,0,0.0,,False,True,timeout,0.3,30.0,0.12,0.0075,0.03,0,full
ACT,67,6000109,metaworld,True,54,0.12934273700011545,0,0,0,0,0.0,,True,False,,0.3,30.0,0.12,0.0075,0.03,0,full
ACT,68,6000110,metaworld,False,200,0.8731924439998693,0,0,0,0,0.0,,False,True,timeout,0.3,30.0,0.12,0.0075,0.03,0,full
ACT,69,6000111,metaworld,False,200,0.8564434299987624,0,0,0,0,0.0,,False,True,timeout,0.3,30.0,0.12,0.0075,0.03,0,full
ACT,70,6000112,metaworld,True,54,0.24032890999660594,0,0,0,0,0.0,,True,False,,0.3,30.0,0.12,0.0075,0.03,0,full
ACT,71,6000113,metaworld,True,54,0.1238163390007685,0,0,0,0,0.0,,True,False,,0.3,30.0,0.12,0.0075,0.03,0,full
ACT,72,6000114,metaworld,True,54,0.20887997699901462,0,0,0,0,0.0,,True,False,,0.3,30.0,0.12,0.0075,0.03,0,full
ACT,73,6000115,metaworld,False,200,0.8053578139988531,0,0,0,0,0.0,,False,True,timeout,0.3,30.0,0.12,0.0075,0.03,0,full
ACT,74,6000116,metaworld,False,200,0.7656988990020182,0,0,0,0,0.0,,False,True,timeout,0.3,30.0,0.12,0.0075,0.03,0,full
ACT,75,6000117,metaworld,True,57,0.17227148299934925,0,0,0,0,0.0,,True,False,,0.3,30.0,0.12,0.0075,0.03,0,full
ACT,76,6000118,metaworld,False,200,0.6989219870010857,0,0,0,0,0.0,,False,True,timeout,0.3,30.0,0.12,0.0075,0.03,0,full
ACT,77,6000119,metaworld,False,200,0.4699522189985146,0,0,0,0,0.0,,False,True,object_dropped,0.3,30.0,0.12,0.0075,0.03,0,full
ACT,78,6000120,metaworld,False,200,0.6020182529973681,0,0,0,0,0.0,,False,True,timeout,0.3,30.0,0.12,0.0075,0.03,0,full
ACT,79,6000121,metaworld,True,60,0.3153630359993258,0,0,0,0,0.0,,True,False,,0.3,30.0,0.12,0.0075,0.03,0,full
ACT,80,6000122,metaworld,False,200,0.745276368001214,0,0,0,0,0.0,,False,True,timeout,0.3,30.0,0.12,0.0075,0.03,0,full
ACT,81,6000123,metaworld,False,200,0.9206460329987749,0,0,0,0,0.0,,False,True,timeout,0.3,30.0,0.12,0.0075,0.03,0,full
ACT,82,6000124,metaworld,True,56,0.30625354099902324,0,0,0,0,0.0,,True,False,,0.3,30.0,0.12,0.0075,0.03,0,full
ACT,83,6000125,metaworld,False,200,0.6588548309991893,0,0,0,0,0.0,,False,True,object_dropped,0.3,30.0,0.12,0.0075,0.03,0,full
ACT,84,6000126,metaworld,False,200,0.9880165009999473,0,0,0,0,0.0,,False,True,timeout,0.3,30.0,0.12,0.0075,0.03,0,full
ACT,85,6000127,metaworld,False,200,0.7381052279997675,0,0,0,0,0.0,,False,True,timeout,0.3,30.0,0.12,0.0075,0.03,0,full
ACT,86,6000128,metaworld,True,63,0.17712660300094285,0,0,0,0,0.0,,True,False,,0.3,30.0,0.12,0.0075,0.03,0,full
ACT,87,6000129,metaworld,False,200,0.5512034650018904,0,0,0,0,0.0,,False,True,timeout,0.3,30.0,0.12,0.0075,0.03,0,full
ACT,88,6000130,metaworld,False,200,0.599094912999135,0,0,0,0,0.0,,False,True,timeout,0.3,30.0,0.12,0.0075,0.03,0,full
ACT,89,6000131,metaworld,False,200,0.7448439779982436,0,0,0,0,0.0,,False,True,timeout,0.3,30.0,0.12,0.0075,0.03,0,full
ACT,90,6000132,metaworld,True,50,0.25962438600254245,0,0,0,0,0.0,,True,False,,0.3,30.0,0.12,0.0075,0.03,0,full
ACT,91,6000133,metaworld,False,200,0.7104454789987358,0,0,0,0,0.0,,False,True,timeout,0.3,30.0,0.12,0.0075,0.03,0,full
ACT,92,6000134,metaworld,False,200,1.1823342079987924,0,0,0,0,0.0,,False,True,timeout,0.3,30.0,0.12,0.0075,0.03,0,full
ACT,93,6000135,metaworld,True,53,0.6776777699997183,0,0,0,0,0.0,,True,False,,0.3,30.0,0.12,0.0075,0.03,0,full
ACT,94,6000136,metaworld,True,53,0.3717415329992946,0,0,0,0,0.0,,True,False,,0.3,30.0,0.12,0.0075,0.03,0,full
ACT,95,6000137,metaworld,False,200,1.3211393780002254,0,0,0,0,0.0,,False,True,timeout,0.3,30.0,0.12,0.0075,0.03,0,full
ACT,96,6000138,metaworld,False,200,0.9245246350001253,0,0,0,0,0.0,,False,True,object_dropped,0.3,30.0,0.12,0.0075,0.03,0,full
ACT,97,6000139,metaworld,False,200,1.4683559749973938,0,0,0,0,0.0,,False,True,timeout,0.3,30.0,0.12,0.0075,0.03,0,full
ACT,98,6000140,metaworld,False,200,0.978220646000409,0,0,0,0,0.0,,False,True,timeout,0.3,30.0,0.12,0.0075,0.03,0,full
ACT,99,6000141,metaworld,False,200,0.9676706370009924,0,0,0,0,0.0,,False,True,timeout,0.3,30.0,0.12,0.0075,0.03,0,full
ACT,100,6000142,metaworld,True,55,0.2470210749997932,0,0,0,0,0.0,,True,False,,0.3,30.0,0.12,0.0075,0.03,0,full
ACT,101,6000143,metaworld,True,53,0.46230209399800515,0,0,0,0,0.0,,True,False,,0.3,30.0,0.12,0.0075,0.03,0,full
ACT,102,6000144,metaworld,False,200,1.1394326649970026,0,0,0,0,0.0,,False,True,timeout,0.3,30.0,0.12,0.0075,0.03,0,full
ACT,103,6000145,metaworld,False,200,0.8803524340000877,0,0,0,0,0.0,,False,True,timeout,0.3,30.0,0.12,0.0075,0.03,0,full
ACT,104,6000146,metaworld,True,53,0.2843867900010082,0,0,0,0,0.0,,True,False,,0.3,30.0,0.12,0.0075,0.03,0,full
ACT,105,6000147,metaworld,False,200,1.2153057939976861,0,0,0,0,0.0,,False,True,timeout,0.3,30.0,0.12,0.0075,0.03,0,full
ACT,106,6000148,metaworld,False,200,0.553607028999977,0,0,0,0,0.0,,False,True,timeout,0.3,30.0,0.12,0.0075,0.03,0,full
ACT,107,6000149,metaworld,False,200,1.7832892480000737,0,0,0,0,0.0,,False,True,timeout,0.3,30.0,0.12,0.0075,0.03,0,full
ACT,108,6000150,metaworld,True,50,0.43102711200117483,0,0,0,0,0.0,,True,False,,0.3,30.0,0.12,0.0075,0.03,0,full
ACT,109,6000151,metaworld,False,200,1.0315598619999946,0,0,0,0,0.0,,False,True,timeout,0.3,30.0,0.12,0.0075,0.03,0,full
ACT,110,6000152,metaworld,False,200,0.8311153800023021,0,0,0,0,0.0,,False,True,timeout,0.3,30.0,0.12,0.0075,0.03,0,full
ACT,111,6000153,metaworld,True,51,0.157504106999113,0,0,0,0,0.0,,True,False,,0.3,30.0,0.12,0.0075,0.03,0,full
ACT,112,6000154,metaworld,False,200,0.8176829049989465,0,0,0,0,0.0,,False,True,timeout,0.3,30.0,0.12,0.0075,0.03,0,full
ACT,113,6000155,metaworld,False,200,0.8229318150006293,0,0,0,0,0.0,,False,True,timeout,0.3,30.0,0.12,0.0075,0.03,0,full
ACT,114,6000156,metaworld,True,59,0.33524201899854233,0,0,0,0,0.0,,True,False,,0.3,30.0,0.12,0.0075,0.03,0,full
ACT,115,6000157,metaworld,False,200,1.193808572999842,0,0,0,0,0.0,,False,True,timeout,0.3,30.0,0.12,0.0075,0.03,0,full
ACT,116,6000158,metaworld,False,200,1.2751925950033183,0,0,0,0,0.0,,False,True,timeout,0.3,30.0,0.12,0.0075,0.03,0,full
ACT,117,6000159,metaworld,False,200,0.906873275001999,0,0,0,0,0.0,,False,True,timeout,0.3,30.0,0.12,0.0075,0.03,0,full
ACT,118,6000160,metaworld,False,200,0.9278523760003736,0,0,0,0,0.0,,False,True,object_dropped,0.3,30.0,0.12,0.0075,0.03,0,full
ACT,119,6000161,metaworld,True,60,0.5328912930017395,0,0,0,0,0.0,,True,False,,0.3,30.0,0.12,0.0075,0.03,0,full
ACT,120,6000162,metaworld,False,200,0.8397926280013053,0,0,0,0,0.0,,False,True,object_dropped,0.3,30.0,0.12,0.0075,0.03,0,full
ACT,121,6000163,metaworld,True,65,0.19491813900094712,0,0,0,0,0.0,,True,False,,0.3,30.0,0.12,0.0075,0.03,0,full
ACT,122,6000164,metaworld,True,52,0.16615899899989017,0,0,0,0,0.0,,True,False,,0.3,30.0,0.12,0.0075,0.03,0,full
ACT,123,6000165,metaworld,False,200,0.5883852829974785,0,0,0,0,0.0,,False,True,timeout,0.3,30.0,0.12,0.0075,0.03,0,full
ACT,124,6000166,metaworld,False,200,0.7296784239988483,0,0,0,0,0.0,,False,True,object_dropped,0.3,30.0,0.12,0.0075,0.03,0,full
ACT,125,6000167,metaworld,False,200,1.4746683179982938,0,0,0,0,0.0,,False,True,object_dropped,0.3,30.0,0.12,0.0075,0.03,0,full
ACT,126,6000168,metaworld,False,200,1.4818693540000822,0,0,0,0,0.0,,False,True,timeout,0.3,30.0,0.12,0.0075,0.03,0,full
ACT,127,6000169,metaworld,True,61,0.4157913960007136,0,0,0,0,0.0,,True,False,,0.3,30.0,0.12,0.0075,0.03,0,full
ACT,128,6000170,metaworld,False,200,1.1830513829991105,0,0,0,0,0.0,,False,True,timeout,0.3,30.0,0.12,0.0075,0.03,0,full
ACT,129,6000171,metaworld,False,200,0.6311938889994053,0,0,0,0,0.0,,False,True,timeout,0.3,30.0,0.12,0.0075,0.03,0,full
ACT,130,6000172,metaworld,True,55,0.1553749099984998,0,0,0,0,0.0,,True,False,,0.3,30.0,0.12,0.0075,0.03,0,full
ACT,131,6000173,metaworld,False,200,1.0298078539999551,0,0,0,0,0.0,,False,True,timeout,0.3,30.0,0.12,0.0075,0.03,0,full
ACT,132,6000174,metaworld,True,57,0.3944977020000806,0,0,0,0,0.0,,True,False,,0.3,30.0,0.12,0.0075,0.03,0,full
ACT,133,6000175,metaworld,True,58,0.30293849000008777,0,0,0,0,0.0,,True,False,,0.3,30.0,0.12,0.0075,0.03,0,full
ACT,134,6000176,metaworld,False,200,1.603954360998614,0,0,0,0,0.0,,False,True,timeout,0.3,30.0,0.12,0.0075,0.03,0,full
ACT,135,6000177,metaworld,False,200,0.9554941409987805,0,0,0,0,0.0,,False,True,timeout,0.3,30.0,0.12,0.0075,0.03,0,full
ACT,136,6000178,metaworld,False,200,1.6528621199977351,0,0,0,0,0.0,,False,True,timeout,0.3,30.0,0.12,0.0075,0.03,0,full
ACT,137,6000179,metaworld,False,200,0.8095475620029902,0,0,0,0,0.0,,False,True,object_dropped,0.3,30.0,0.12,0.0075,0.03,0,full
ACT,138,6000180,metaworld,False,200,1.2722536539986322,0,0,0,0,0.0,,False,True,object_dropped,0.3,30.0,0.12,0.0075,0.03,0,full
ACT,139,6000181,metaworld,False,200,0.5974026039984892,0,0,0,0,0.0,,False,True,timeout,0.3,30.0,0.12,0.0075,0.03,0,full
ACT,140,6000182,metaworld,False,200,0.9960260119987652,0,0,0,0,0.0,,False,True,timeout,0.3,30.0,0.12,0.0075,0.03,0,full
ACT,141,6000183,metaworld,False,200,1.2680601900028705,0,0,0,0,0.0,,False,True,timeout,0.3,30.0,0.12,0.0075,0.03,0,full
ACT,142,6000184,metaworld,False,200,1.4346616379989428,0,0,0,0,0.0,,False,True,timeout,0.3,30.0,0.12,0.0075,0.03,0,full
ACT,143,6000185,metaworld,True,53,0.2830870590005361,0,0,0,0,0.0,,True,False,,0.3,30.0,0.12,0.0075,0.03,0,full
ACT,144,6000186,metaworld,False,200,0.9933210359995428,0,0,0,0,0.0,,False,True,object_dropped,0.3,30.0,0.12,0.0075,0.03,0,full
ACT,145,6000187,metaworld,True,52,0.4099580779984535,0,0,0,0,0.0,,True,False,,0.3,30.0,0.12,0.0075,0.03,0,full
ACT,146,6000188,metaworld,True,60,0.33230951599762193,0,0,0,0,0.0,,True,False,,0.3,30.0,0.12,0.0075,0.03,0,full
ACT,147,6000189,metaworld,False,200,1.3539199469996674,0,0,0,0,0.0,,False,True,timeout,0.3,30.0,0.12,0.0075,0.03,0,full
ACT,148,6000190,metaworld,True,51,0.28436465699996916,0,0,0,0,0.0,,True,False,,0.3,30.0,0.12,0.0075,0.03,0,full
ACT,149,6000191,metaworld,False,200,1.0352409560000524,0,0,0,0,0.0,,False,True,object_dropped,0.3,30.0,0.12,0.0075,0.03,0,full
ACT,150,6000192,metaworld,False,200,0.5915889679999964,0,0,0,0,0.0,,False,True,timeout,0.3,30.0,0.12,0.0075,0.03,0,full
ACT,151,6000193,metaworld,False,200,0.8728120840023621,0,0,0,0,0.0,,False,True,timeout,0.3,30.0,0.12,0.0075,0.03,0,full
ACT,152,6000194,metaworld,True,55,0.25322883399712737,0,0,0,0,0.0,,True,False,,0.3,30.0,0.12,0.0075,0.03,0,full
ACT,153,6000195,metaworld,True,56,0.14817435900113196,0,0,0,0,0.0,,True,False,,0.3,30.0,0.12,0.0075,0.03,0,full
ACT,154,6000196,metaworld,False,200,1.0505019939992053,0,0,0,0,0.0,,False,True,timeout,0.3,30.0,0.12,0.0075,0.03,0,full
ACT,155,6000197,metaworld,False,200,0.6770646509976359,0,0,0,0,0.0,,False,True,timeout,0.3,30.0,0.12,0.0075,0.03,0,full
ACT,156,6000198,metaworld,True,55,0.16806986099982169,0,0,0,0,0.0,,True,False,,0.3,30.0,0.12,0.0075,0.03,0,full
ACT,157,6000199,metaworld,True,63,0.2445233040016319,0,0,0,0,0.0,,True,False,,0.3,30.0,0.12,0.0075,0.03,0,full
ACT,158,6000200,metaworld,True,58,0.17778502799774287,0,0,0,0,0.0,,True,False,,0.3,30.0,0.12,0.0075,0.03,0,full
ACT,159,6000201,metaworld,True,56,0.17754512300234637,0,0,0,0,0.0,,True,False,,0.3,30.0,0.12,0.0075,0.03,0,full
ACT,160,6000202,metaworld,True,52,0.15549254399957135,0,0,0,0,0.0,,True,False,,0.3,30.0,0.12,0.0075,0.03,0,full
ACT,161,6000203,metaworld,False,200,0.5921627479983727,0,0,0,0,0.0,,False,True,timeout,0.3,30.0,0.12,0.0075,0.03,0,full
ACT,162,6000204,metaworld,False,200,0.7845152200025041,0,0,0,0,0.0,,False,True,timeout,0.3,30.0,0.12,0.0075,0.03,0,full
ACT,163,6000205,metaworld,False,200,1.1913553619997401,0,0,0,0,0.0,,False,True,timeout,0.3,30.0,0.12,0.0075,0.03,0,full
ACT,164,6000206,metaworld,True,50,0.3982889270009764,0,0,0,0,0.0,,True,False,,0.3,30.0,0.12,0.0075,0.03,0,full
ACT,165,6000207,metaworld,False,200,1.1709954299985839,0,0,0,0,0.0,,False,True,object_dropped,0.3,30.0,0.12,0.0075,0.03,0,full
ACT,166,6000208,metaworld,False,200,0.5874323319985706,0,0,0,0,0.0,,False,True,timeout,0.3,30.0,0.12,0.0075,0.03,0,full
ACT,167,6000209,metaworld,True,54,0.25987239700043574,0,0,0,0,0.0,,True,False,,0.3,30.0,0.12,0.0075,0.03,0,full
ACT,168,6000210,metaworld,True,54,0.2129324679990532,0,0,0,0,0.0,,True,False,,0.3,30.0,0.12,0.0075,0.03,0,full
ACT,169,6000211,metaworld,False,200,1.132599245000165,0,0,0,0,0.0,,False,True,timeout,0.3,30.0,0.12,0.0075,0.03,0,full
ACT,170,6000212,metaworld,False,200,1.2338561699980346,0,0,0,0,0.0,,False,True,timeout,0.3,30.0,0.12,0.0075,0.03,0,full
ACT,171,6000213,metaworld,False,200,1.0743917589970806,0,0,0,0,0.0,,False,True,timeout,0.3,30.0,0.12,0.0075,0.03,0,full
ACT,172,6000214,metaworld,False,200,0.7133855120009684,0,0,0,0,0.0,,False,True,timeout,0.3,30.0,0.12,0.0075,0.03,0,full
ACT,173,6000215,metaworld,False,200,0.6060492409997096,0,0,0,0,0.0,,False,True,timeout,0.3,30.0,0.12,0.0075,0.03,0,full
ACT,174,6000216,metaworld,False,200,0.6518745359971945,0,0,0,0,0.0,,False,True,timeout,0.3,30.0,0.12,0.0075,0.03,0,full
ACT,175,6000217,metaworld,False,200,0.7371417759968608,0,0,0,0,0.0,,False,True,timeout,0.3,30.0,0.12,0.0075,0.03,0,full
ACT,176,6000218,metaworld,False,200,0.8610777229987434,0,0,0,0,0.0,,False,True,timeout,0.3,30.0,0.12,0.0075,0.03,0,full
ACT,177,6000219,metaworld,False,200,0.6543251799994323,0,0,0,0,0.0,,False,True,timeout,0.3,30.0,0.12,0.0075,0.03,0,full
ACT,178,6000220,metaworld,False,200,0.787233388000459,0,0,0,0,0.0,,False,True,timeout,0.3,30.0,0.12,0.0075,0.03,0,full
ACT,179,6000221,metaworld,False,200,1.0752749240018602,0,0,0,0,0.0,,False,True,timeout,0.3,30.0,0.12,0.0075,0.03,0,full
ACT,180,6000222,metaworld,False,200,1.0791200960011338,0,0,0,0,0.0,,False,True,timeout,0.3,30.0,0.12,0.0075,0.03,0,full
ACT,181,6000223,metaworld,True,52,0.4423868340018089,0,0,0,0,0.0,,True,False,,0.3,30.0,0.12,0.0075,0.03,0,full
ACT,182,6000224,metaworld,True,61,0.3962706420024915,0,0,0,0,0.0,,True,False,,0.3,30.0,0.12,0.0075,0.03,0,full
ACT,183,6000225,metaworld,True,50,0.2802601009971113,0,0,0,0,0.0,,True,False,,0.3,30.0,0.12,0.0075,0.03,0,full
ACT,184,6000226,metaworld,False,200,0.6579669359998661,0,0,0,0,0.0,,False,True,timeout,0.3,30.0,0.12,0.0075,0.03,0,full
ACT,185,6000227,metaworld,False,200,0.9011971689978964,0,0,0,0,0.0,,False,True,timeout,0.3,30.0,0.12,0.0075,0.03,0,full
ACT,186,6000228,metaworld,True,59,0.1774697250002646,0,0,0,0,0.0,,True,False,,0.3,30.0,0.12,0.0075,0.03,0,full
ACT,187,6000229,metaworld,False,200,0.8059981080004945,0,0,0,0,0.0,,False,True,timeout,0.3,30.0,0.12,0.0075,0.03,0,full
ACT,188,6000230,metaworld,False,200,0.6190831060011988,0,0,0,0,0.0,,False,True,object_dropped,0.3,30.0,0.12,0.0075,0.03,0,full
ACT,189,6000231,metaworld,False,200,1.157578858998022,0,0,0,0,0.0,,False,True,timeout,0.3,30.0,0.12,0.0075,0.03,0,full
ACT,190,6000232,metaworld,False,200,0.9162926199969661,0,0,0,0,0.0,,False,True,timeout,0.3,30.0,0.12,0.0075,0.03,0,full
ACT,191,6000233,metaworld,True,53,0.1975929879990872,0,0,0,0,0.0,,True,False,,0.3,30.0,0.12,0.0075,0.03,0,full
ACT,192,6000234,metaworld,True,58,0.33586913799808826,0,0,0,0,0.0,,True,False,,0.3,30.0,0.12,0.0075,0.03,0,full
ACT,193,6000235,metaworld,False,200,1.0604007450019708,0,0,0,0,0.0,,False,True,timeout,0.3,30.0,0.12,0.0075,0.03,0,full
ACT,194,6000236,metaworld,True,64,0.21823659800065798,0,0,0,0,0.0,,True,False,,0.3,30.0,0.12,0.0075,0.03,0,full
ACT,195,6000237,metaworld,True,54,0.14461565099918516,0,0,0,0,0.0,,True,False,,0.3,30.0,0.12,0.0075,0.03,0,full
ACT,196,6000238,metaworld,False,200,0.817416134999803,0,0,0,0,0.0,,False,True,timeout,0.3,30.0,0.12,0.0075,0.03,0,full
ACT,197,6000239,metaworld,True,59,0.26372391000040807,0,0,0,0,0.0,,True,False,,0.3,30.0,0.12,0.0075,0.03,0,full
ACT,198,6000240,metaworld,False,200,0.9732992669996747,0,0,0,0,0.0,,False,True,timeout,0.3,30.0,0.12,0.0075,0.03,0,full
ACT,199,6000241,metaworld,True,59,0.42467262399804895,0,0,0,0,0.0,,True,False,,0.3,30.0,0.12,0.0075,0.03,0,full
